image,superclass_index,subclass_index
0.jpg,1,63
1.jpg,0,24
2.jpg,0,74
3.jpg,2,72
4.jpg,2,43
5.jpg,2,1
6.jpg,0,11
7.jpg,1,12
8.jpg,1,49
9.jpg,1,63
10.jpg,1,22
11.jpg,2,53
12.jpg,1,18
13.jpg,2,48
14.jpg,1,7
15.jpg,0,30
16.jpg,2,68
17.jpg,0,27
18.jpg,1,22
19.jpg,0,27
20.jpg,2,67
21.jpg,1,66
22.jpg,2,58
23.jpg,2,59
24.jpg,2,35
25.jpg,0,14
26.jpg,1,49
27.jpg,1,71
28.jpg,0,5
29.jpg,0,27
30.jpg,2,69
31.jpg,2,35
32.jpg,2,70
33.jpg,1,38
34.jpg,2,72
35.jpg,2,53
36.jpg,2,75
37.jpg,0,6
38.jpg,2,73
39.jpg,0,30
40.jpg,2,1
41.jpg,1,10
42.jpg,1,45
43.jpg,1,38
44.jpg,0,41
45.jpg,2,77
46.jpg,0,16
47.jpg,2,72
48.jpg,0,85
49.jpg,1,37
50.jpg,1,45
51.jpg,0,27
52.jpg,2,51
53.jpg,2,70
54.jpg,0,16
55.jpg,0,28
56.jpg,0,52
57.jpg,1,66
58.jpg,0,40
59.jpg,0,16
60.jpg,2,58
61.jpg,1,65
62.jpg,2,58
63.jpg,2,75
64.jpg,2,73
65.jpg,0,57
66.jpg,2,53
67.jpg,0,76
68.jpg,0,30
69.jpg,2,64
70.jpg,0,79
71.jpg,0,28
72.jpg,0,27
73.jpg,2,44
74.jpg,2,77
75.jpg,1,45
76.jpg,0,79
77.jpg,2,29
78.jpg,2,1
79.jpg,2,64
80.jpg,0,86
81.jpg,2,51
82.jpg,2,72
83.jpg,0,27
84.jpg,2,69
85.jpg,0,82
86.jpg,1,37
87.jpg,2,58
88.jpg,1,80
89.jpg,2,3
90.jpg,1,71
91.jpg,0,57
92.jpg,1,87
93.jpg,2,69
94.jpg,2,70
95.jpg,2,56
96.jpg,1,31
97.jpg,0,4
98.jpg,1,66
99.jpg,1,63
100.jpg,0,28
101.jpg,0,86
102.jpg,0,42
103.jpg,1,7
104.jpg,2,68
105.jpg,2,44
106.jpg,0,88
107.jpg,0,27
108.jpg,1,63
109.jpg,1,71
110.jpg,1,23
111.jpg,2,50
112.jpg,0,52
113.jpg,0,76
114.jpg,0,30
115.jpg,2,67
116.jpg,0,76
117.jpg,2,44
118.jpg,0,8
119.jpg,2,44
120.jpg,1,7
121.jpg,0,74
122.jpg,1,7
123.jpg,1,12
124.jpg,1,37
125.jpg,1,71
126.jpg,2,44
127.jpg,2,56
128.jpg,0,40
129.jpg,0,41
130.jpg,1,21
131.jpg,0,26
132.jpg,1,65
133.jpg,0,20
134.jpg,0,27
135.jpg,1,65
136.jpg,2,67
137.jpg,2,75
138.jpg,2,44
139.jpg,1,21
140.jpg,0,82
141.jpg,2,58
142.jpg,2,58
143.jpg,1,37
144.jpg,2,67
145.jpg,0,82
146.jpg,0,41
147.jpg,1,46
148.jpg,1,32
149.jpg,0,60
150.jpg,0,61
151.jpg,0,61
152.jpg,0,57
153.jpg,0,57
154.jpg,2,59
155.jpg,2,33
156.jpg,0,82
157.jpg,1,66
158.jpg,1,37
159.jpg,2,3
160.jpg,2,53
161.jpg,1,22
162.jpg,1,9
163.jpg,2,50
164.jpg,2,53
165.jpg,1,71
166.jpg,1,17
167.jpg,2,59
168.jpg,0,28
169.jpg,2,70
170.jpg,2,34
171.jpg,1,36
172.jpg,2,1
173.jpg,0,52
174.jpg,1,87
175.jpg,1,2
176.jpg,1,2
177.jpg,0,28
178.jpg,1,65
179.jpg,1,18
180.jpg,0,52
181.jpg,2,35
182.jpg,0,24
183.jpg,0,79
184.jpg,2,29
185.jpg,1,17
186.jpg,2,53
187.jpg,2,43
188.jpg,1,55
189.jpg,2,43
190.jpg,2,48
191.jpg,0,24
192.jpg,0,82
193.jpg,1,36
194.jpg,0,11
195.jpg,2,67
196.jpg,0,57
197.jpg,2,44
198.jpg,1,78
199.jpg,1,66
200.jpg,1,54
201.jpg,1,10
202.jpg,1,65
203.jpg,2,70
204.jpg,0,74
205.jpg,2,64
206.jpg,2,77
207.jpg,0,27
208.jpg,0,86
209.jpg,2,39
210.jpg,1,37
211.jpg,1,17
212.jpg,0,26
213.jpg,1,78
214.jpg,2,68
215.jpg,2,34
216.jpg,0,27
217.jpg,1,87
218.jpg,1,87
219.jpg,2,43
220.jpg,0,30
221.jpg,2,13
222.jpg,2,53
223.jpg,1,37
224.jpg,0,81
225.jpg,0,4
226.jpg,1,66
227.jpg,1,71
228.jpg,1,36
229.jpg,0,14
230.jpg,0,84
231.jpg,0,5
232.jpg,1,22
233.jpg,2,59
234.jpg,2,83
235.jpg,1,71
236.jpg,0,30
237.jpg,1,31
238.jpg,0,40
239.jpg,1,17
240.jpg,1,55
241.jpg,0,28
242.jpg,2,64
243.jpg,2,53
244.jpg,2,59
245.jpg,2,29
246.jpg,1,45
247.jpg,1,12
248.jpg,1,37
249.jpg,0,84
250.jpg,2,1
251.jpg,1,21
252.jpg,2,72
253.jpg,2,29
254.jpg,1,87
255.jpg,1,65
256.jpg,2,70
257.jpg,0,76
258.jpg,2,83
259.jpg,1,18
260.jpg,2,64
261.jpg,1,31
262.jpg,0,85
263.jpg,2,83
264.jpg,1,18
265.jpg,2,43
266.jpg,1,0
267.jpg,1,78
268.jpg,0,60
269.jpg,0,24
270.jpg,0,6
271.jpg,1,49
272.jpg,1,32
273.jpg,0,4
274.jpg,2,58
275.jpg,0,82
276.jpg,2,1
277.jpg,2,3
278.jpg,1,0
279.jpg,0,79
280.jpg,2,33
281.jpg,0,81
282.jpg,1,0
283.jpg,2,64
284.jpg,2,83
285.jpg,0,85
286.jpg,0,16
287.jpg,1,80
288.jpg,1,78
289.jpg,0,8
290.jpg,0,52
291.jpg,2,77
292.jpg,1,18
293.jpg,2,44
294.jpg,1,32
295.jpg,2,72
296.jpg,1,54
297.jpg,1,65
298.jpg,1,0
299.jpg,0,6
300.jpg,2,15
301.jpg,2,70
302.jpg,0,84
303.jpg,2,73
304.jpg,0,79
305.jpg,2,44
306.jpg,1,22
307.jpg,1,31
308.jpg,0,41
309.jpg,0,4
310.jpg,0,42
311.jpg,2,33
312.jpg,1,78
313.jpg,0,61
314.jpg,0,4
315.jpg,2,15
316.jpg,0,5
317.jpg,2,51
318.jpg,2,62
319.jpg,1,80
320.jpg,1,45
321.jpg,1,78
322.jpg,0,26
323.jpg,2,50
324.jpg,2,75
325.jpg,0,6
326.jpg,0,76
327.jpg,2,48
328.jpg,1,78
329.jpg,2,77
330.jpg,0,74
331.jpg,0,74
332.jpg,2,39
333.jpg,1,31
334.jpg,1,7
335.jpg,2,58
336.jpg,0,5
337.jpg,0,41
338.jpg,1,45
339.jpg,0,40
340.jpg,1,46
341.jpg,0,60
342.jpg,2,15
343.jpg,1,2
344.jpg,0,40
345.jpg,0,6
346.jpg,0,28
347.jpg,2,67
348.jpg,1,31
349.jpg,2,62
350.jpg,2,51
351.jpg,0,24
352.jpg,1,46
353.jpg,1,37
354.jpg,1,31
355.jpg,2,53
356.jpg,2,50
357.jpg,0,19
358.jpg,0,5
359.jpg,2,43
360.jpg,2,56
361.jpg,2,62
362.jpg,2,67
363.jpg,1,36
364.jpg,2,35
365.jpg,2,83
366.jpg,0,11
367.jpg,2,50
368.jpg,2,83
369.jpg,0,52
370.jpg,2,29
371.jpg,1,17
372.jpg,1,49
373.jpg,1,49
374.jpg,0,84
375.jpg,0,20
376.jpg,0,74
377.jpg,0,30
378.jpg,2,44
379.jpg,0,19
380.jpg,0,60
381.jpg,2,67
382.jpg,0,26
383.jpg,1,63
384.jpg,1,55
385.jpg,1,31
386.jpg,1,78
387.jpg,2,53
388.jpg,2,39
389.jpg,0,24
390.jpg,2,53
391.jpg,1,37
392.jpg,1,63
393.jpg,1,22
394.jpg,1,7
395.jpg,2,47
396.jpg,0,27
397.jpg,1,49
398.jpg,0,86
399.jpg,0,76
400.jpg,0,26
401.jpg,2,3
402.jpg,2,53
403.jpg,1,0
404.jpg,1,63
405.jpg,2,29
406.jpg,0,60
407.jpg,2,68
408.jpg,2,53
409.jpg,2,43
410.jpg,0,19
411.jpg,2,1
412.jpg,1,66
413.jpg,0,86
414.jpg,1,9
415.jpg,2,83
416.jpg,0,16
417.jpg,1,31
418.jpg,0,16
419.jpg,0,27
420.jpg,1,10
421.jpg,2,67
422.jpg,1,22
423.jpg,2,67
424.jpg,2,64
425.jpg,1,31
426.jpg,1,23
427.jpg,2,47
428.jpg,2,77
429.jpg,0,30
430.jpg,1,36
431.jpg,0,81
432.jpg,2,83
433.jpg,1,45
434.jpg,1,71
435.jpg,2,73
436.jpg,2,35
437.jpg,2,72
438.jpg,2,77
439.jpg,2,53
440.jpg,2,50
441.jpg,2,13
442.jpg,0,81
443.jpg,0,20
444.jpg,1,7
445.jpg,2,70
446.jpg,1,25
447.jpg,2,51
448.jpg,0,52
449.jpg,2,69
450.jpg,0,5
451.jpg,2,56
452.jpg,2,67
453.jpg,2,67
454.jpg,2,39
455.jpg,1,10
456.jpg,2,72
457.jpg,0,76
458.jpg,0,19
459.jpg,1,71
460.jpg,2,69
461.jpg,1,17
462.jpg,0,11
463.jpg,2,68
464.jpg,2,3
465.jpg,2,35
466.jpg,0,6
467.jpg,0,20
468.jpg,2,15
469.jpg,2,34
470.jpg,1,18
471.jpg,1,2
472.jpg,2,67
473.jpg,0,30
474.jpg,0,6
475.jpg,2,67
476.jpg,1,7
477.jpg,1,31
478.jpg,1,12
479.jpg,0,42
480.jpg,2,35
481.jpg,0,20
482.jpg,2,73
483.jpg,1,31
484.jpg,1,66
485.jpg,2,15
486.jpg,0,42
487.jpg,1,46
488.jpg,2,51
489.jpg,2,58
490.jpg,1,32
491.jpg,2,50
492.jpg,1,36
493.jpg,0,24
494.jpg,1,80
495.jpg,2,47
496.jpg,2,70
497.jpg,1,31
498.jpg,2,72
499.jpg,1,80
500.jpg,1,9
501.jpg,0,88
502.jpg,2,53
503.jpg,1,80
504.jpg,1,63
505.jpg,2,83
506.jpg,2,34
507.jpg,0,4
508.jpg,1,37
509.jpg,0,40
510.jpg,0,82
511.jpg,0,19
512.jpg,0,30
513.jpg,1,63
514.jpg,2,77
515.jpg,2,33
516.jpg,1,22
517.jpg,1,17
518.jpg,1,49
519.jpg,2,64
520.jpg,0,4
521.jpg,2,73
522.jpg,1,18
523.jpg,1,21
524.jpg,1,25
525.jpg,1,10
526.jpg,2,62
527.jpg,2,43
528.jpg,1,37
529.jpg,1,63
530.jpg,2,50
531.jpg,1,23
532.jpg,1,71
533.jpg,2,59
534.jpg,2,62
535.jpg,1,21
536.jpg,1,37
537.jpg,2,72
538.jpg,2,64
539.jpg,2,70
540.jpg,0,24
541.jpg,1,66
542.jpg,0,84
543.jpg,1,18
544.jpg,2,77
545.jpg,1,23
546.jpg,2,58
547.jpg,2,35
548.jpg,2,35
549.jpg,1,18
550.jpg,0,27
551.jpg,1,37
552.jpg,2,47
553.jpg,0,24
554.jpg,1,66
555.jpg,1,9
556.jpg,2,73
557.jpg,0,85
558.jpg,1,38
559.jpg,0,86
560.jpg,1,55
561.jpg,1,65
562.jpg,1,23
563.jpg,2,73
564.jpg,2,39
565.jpg,0,4
566.jpg,1,65
567.jpg,1,63
568.jpg,1,7
569.jpg,1,23
570.jpg,0,30
571.jpg,1,55
572.jpg,2,73
573.jpg,1,9
574.jpg,1,31
575.jpg,0,42
576.jpg,0,42
577.jpg,1,37
578.jpg,1,37
579.jpg,0,19
580.jpg,0,16
581.jpg,2,51
582.jpg,1,0
583.jpg,0,24
584.jpg,2,72
585.jpg,2,72
586.jpg,1,45
587.jpg,2,64
588.jpg,1,78
589.jpg,2,64
590.jpg,1,18
591.jpg,2,83
592.jpg,2,29
593.jpg,0,82
594.jpg,1,49
595.jpg,2,67
596.jpg,2,69
597.jpg,2,44
598.jpg,1,18
599.jpg,2,73
600.jpg,1,7
601.jpg,1,18
602.jpg,0,27
603.jpg,0,88
604.jpg,1,78
605.jpg,1,7
606.jpg,0,14
607.jpg,1,32
608.jpg,2,50
609.jpg,2,70
610.jpg,2,70
611.jpg,2,56
612.jpg,0,6
613.jpg,2,35
614.jpg,1,7
615.jpg,0,79
616.jpg,1,49
617.jpg,0,27
618.jpg,1,37
619.jpg,1,80
620.jpg,2,62
621.jpg,2,67
622.jpg,0,42
623.jpg,0,57
624.jpg,1,37
625.jpg,1,71
626.jpg,1,71
627.jpg,1,63
628.jpg,2,72
629.jpg,2,64
630.jpg,0,76
631.jpg,0,86
632.jpg,1,22
633.jpg,1,63
634.jpg,0,26
635.jpg,1,32
636.jpg,1,18
637.jpg,2,50
638.jpg,0,61
639.jpg,2,59
640.jpg,0,5
641.jpg,0,6
642.jpg,2,29
643.jpg,2,39
644.jpg,0,61
645.jpg,1,38
646.jpg,0,6
647.jpg,0,4
648.jpg,1,45
649.jpg,1,9
650.jpg,1,49
651.jpg,1,18
652.jpg,1,32
653.jpg,1,0
654.jpg,1,17
655.jpg,0,86
656.jpg,1,36
657.jpg,0,60
658.jpg,2,62
659.jpg,0,27
660.jpg,2,44
661.jpg,1,10
662.jpg,0,30
663.jpg,0,5
664.jpg,0,30
665.jpg,2,34
666.jpg,1,7
667.jpg,2,59
668.jpg,1,17
669.jpg,2,75
670.jpg,0,30
671.jpg,2,64
672.jpg,0,26
673.jpg,0,60
674.jpg,1,18
675.jpg,0,27
676.jpg,2,1
677.jpg,2,70
678.jpg,0,6
679.jpg,0,82
680.jpg,1,36
681.jpg,1,71
682.jpg,1,7
683.jpg,2,43
684.jpg,0,60
685.jpg,1,36
686.jpg,0,24
687.jpg,0,20
688.jpg,1,66
689.jpg,0,88
690.jpg,2,70
691.jpg,2,47
692.jpg,0,28
693.jpg,1,37
694.jpg,0,42
695.jpg,2,67
696.jpg,2,72
697.jpg,0,24
698.jpg,1,36
699.jpg,2,44
700.jpg,0,27
701.jpg,0,52
702.jpg,2,34
703.jpg,1,66
704.jpg,2,13
705.jpg,2,1
706.jpg,2,51
707.jpg,0,79
708.jpg,2,3
709.jpg,2,77
710.jpg,1,54
711.jpg,0,5
712.jpg,2,72
713.jpg,0,5
714.jpg,1,55
715.jpg,0,4
716.jpg,2,83
717.jpg,0,60
718.jpg,1,65
719.jpg,1,25
720.jpg,1,18
721.jpg,1,71
722.jpg,0,24
723.jpg,2,59
724.jpg,2,13
725.jpg,2,43
726.jpg,0,40
727.jpg,1,38
728.jpg,2,56
729.jpg,1,87
730.jpg,1,36
731.jpg,2,53
732.jpg,0,76
733.jpg,1,66
734.jpg,0,86
735.jpg,1,10
736.jpg,2,44
737.jpg,0,79
738.jpg,2,67
739.jpg,0,88
740.jpg,0,4
741.jpg,2,75
742.jpg,0,28
743.jpg,1,65
744.jpg,1,49
745.jpg,0,76
746.jpg,2,51
747.jpg,0,27
748.jpg,1,54
749.jpg,0,57
750.jpg,1,18
751.jpg,0,57
752.jpg,1,45
753.jpg,2,72
754.jpg,1,71
755.jpg,1,38
756.jpg,0,28
757.jpg,1,49
758.jpg,1,23
759.jpg,2,48
760.jpg,0,79
761.jpg,0,5
762.jpg,1,46
763.jpg,2,35
764.jpg,0,61
765.jpg,2,72
766.jpg,2,59
767.jpg,0,76
768.jpg,2,83
769.jpg,1,65
770.jpg,0,82
771.jpg,1,38
772.jpg,1,55
773.jpg,1,17
774.jpg,0,88
775.jpg,1,78
776.jpg,0,40
777.jpg,0,81
778.jpg,0,81
779.jpg,1,80
780.jpg,2,35
781.jpg,1,49
782.jpg,0,41
783.jpg,1,37
784.jpg,1,31
785.jpg,2,43
786.jpg,1,21
787.jpg,0,27
788.jpg,1,37
789.jpg,2,1
790.jpg,0,4
791.jpg,0,76
792.jpg,0,16
793.jpg,2,67
794.jpg,0,85
795.jpg,0,52
796.jpg,1,54
797.jpg,1,22
798.jpg,0,57
799.jpg,1,22
800.jpg,1,7
801.jpg,1,65
802.jpg,1,36
803.jpg,2,77
804.jpg,2,44
805.jpg,0,86
806.jpg,2,67
807.jpg,1,55
808.jpg,1,54
809.jpg,0,6
810.jpg,2,70
811.jpg,0,42
812.jpg,0,84
813.jpg,1,38
814.jpg,1,63
815.jpg,2,44
816.jpg,2,43
817.jpg,2,64
818.jpg,0,27
819.jpg,2,35
820.jpg,0,60
821.jpg,1,46
822.jpg,0,30
823.jpg,0,6
824.jpg,0,86
825.jpg,0,19
826.jpg,2,70
827.jpg,2,15
828.jpg,2,59
829.jpg,0,14
830.jpg,2,69
831.jpg,0,40
832.jpg,2,15
833.jpg,1,66
834.jpg,2,44
835.jpg,2,83
836.jpg,0,8
837.jpg,1,22
838.jpg,2,48
839.jpg,2,72
840.jpg,2,39
841.jpg,2,51
842.jpg,0,6
843.jpg,2,29
844.jpg,0,60
845.jpg,0,27
846.jpg,1,17
847.jpg,0,24
848.jpg,0,24
849.jpg,0,20
850.jpg,2,67
851.jpg,0,76
852.jpg,1,0
853.jpg,2,51
854.jpg,0,4
855.jpg,0,16
856.jpg,0,4
857.jpg,2,59
858.jpg,1,71
859.jpg,2,44
860.jpg,0,40
861.jpg,0,86
862.jpg,0,57
863.jpg,2,15
864.jpg,2,35
865.jpg,2,1
866.jpg,2,53
867.jpg,0,14
868.jpg,0,6
869.jpg,0,26
870.jpg,1,0
871.jpg,1,63
872.jpg,2,48
873.jpg,1,18
874.jpg,0,4
875.jpg,0,19
876.jpg,2,51
877.jpg,1,36
878.jpg,1,36
879.jpg,1,7
880.jpg,0,82
881.jpg,0,57
882.jpg,2,69
883.jpg,0,81
884.jpg,0,28
885.jpg,2,51
886.jpg,2,59
887.jpg,1,46
888.jpg,1,54
889.jpg,1,22
890.jpg,0,8
891.jpg,1,21
892.jpg,2,83
893.jpg,2,47
894.jpg,0,27
895.jpg,2,50
896.jpg,2,70
897.jpg,2,68
898.jpg,0,11
899.jpg,1,38
900.jpg,1,80
901.jpg,2,83
902.jpg,2,64
903.jpg,2,35
904.jpg,0,74
905.jpg,1,10
906.jpg,1,31
907.jpg,1,63
908.jpg,1,65
909.jpg,2,48
910.jpg,0,84
911.jpg,0,88
912.jpg,0,19
913.jpg,2,39
914.jpg,1,78
915.jpg,0,52
916.jpg,0,28
917.jpg,2,15
918.jpg,1,37
919.jpg,1,2
920.jpg,2,56
921.jpg,0,76
922.jpg,2,53
923.jpg,2,15
924.jpg,2,1
925.jpg,1,21
926.jpg,2,59
927.jpg,1,18
928.jpg,2,67
929.jpg,1,31
930.jpg,1,66
931.jpg,2,15
932.jpg,1,9
933.jpg,2,77
934.jpg,2,35
935.jpg,0,85
936.jpg,1,36
937.jpg,0,30
938.jpg,0,40
939.jpg,0,61
940.jpg,0,57
941.jpg,1,32
942.jpg,1,23
943.jpg,1,9
944.jpg,0,76
945.jpg,2,73
946.jpg,2,29
947.jpg,1,2
948.jpg,0,27
949.jpg,2,44
950.jpg,0,28
951.jpg,1,78
952.jpg,1,21
953.jpg,1,31
954.jpg,1,21
955.jpg,1,22
956.jpg,1,18
957.jpg,2,67
958.jpg,1,22
959.jpg,2,53
960.jpg,1,31
961.jpg,0,30
962.jpg,1,71
963.jpg,0,85
964.jpg,1,78
965.jpg,0,82
966.jpg,2,70
967.jpg,0,79
968.jpg,1,18
969.jpg,2,35
970.jpg,0,85
971.jpg,1,37
972.jpg,1,49
973.jpg,1,71
974.jpg,0,79
975.jpg,2,34
976.jpg,0,28
977.jpg,2,50
978.jpg,0,20
979.jpg,0,26
980.jpg,2,70
981.jpg,1,65
982.jpg,1,49
983.jpg,2,73
984.jpg,2,59
985.jpg,0,79
986.jpg,1,63
987.jpg,1,37
988.jpg,1,37
989.jpg,2,43
990.jpg,0,85
991.jpg,2,47
992.jpg,0,14
993.jpg,0,24
994.jpg,0,5
995.jpg,2,67
996.jpg,1,37
997.jpg,2,1
998.jpg,1,49
999.jpg,2,62
1000.jpg,2,1
1001.jpg,0,74
1002.jpg,0,11
1003.jpg,1,21
1004.jpg,2,29
1005.jpg,1,2
1006.jpg,1,36
1007.jpg,0,6
1008.jpg,2,53
1009.jpg,0,79
1010.jpg,0,11
1011.jpg,0,85
1012.jpg,2,43
1013.jpg,1,65
1014.jpg,2,83
1015.jpg,0,84
1016.jpg,1,54
1017.jpg,0,14
1018.jpg,0,42
1019.jpg,1,17
1020.jpg,1,87
1021.jpg,2,50
1022.jpg,1,66
1023.jpg,2,83
1024.jpg,2,29
1025.jpg,1,23
1026.jpg,2,39
1027.jpg,1,21
1028.jpg,1,65
1029.jpg,2,69
1030.jpg,2,69
1031.jpg,0,8
1032.jpg,1,31
1033.jpg,1,55
1034.jpg,2,73
1035.jpg,0,57
1036.jpg,2,13
1037.jpg,1,36
1038.jpg,2,62
1039.jpg,2,51
1040.jpg,1,2
1041.jpg,2,72
1042.jpg,0,24
1043.jpg,1,38
1044.jpg,0,11
1045.jpg,0,28
1046.jpg,2,44
1047.jpg,2,51
1048.jpg,1,63
1049.jpg,2,3
1050.jpg,1,78
1051.jpg,1,22
1052.jpg,1,46
1053.jpg,2,59
1054.jpg,1,9
1055.jpg,2,72
1056.jpg,0,60
1057.jpg,2,72
1058.jpg,2,29
1059.jpg,2,69
1060.jpg,1,22
1061.jpg,1,37
1062.jpg,1,36
1063.jpg,2,75
1064.jpg,1,80
1065.jpg,1,25
1066.jpg,1,55
1067.jpg,2,48
1068.jpg,1,37
1069.jpg,1,37
1070.jpg,0,79
1071.jpg,1,63
1072.jpg,0,84
1073.jpg,2,68
1074.jpg,2,64
1075.jpg,2,51
1076.jpg,1,10
1077.jpg,0,5
1078.jpg,1,0
1079.jpg,2,70
1080.jpg,1,78
1081.jpg,1,46
1082.jpg,0,84
1083.jpg,0,30
1084.jpg,1,55
1085.jpg,2,62
1086.jpg,0,24
1087.jpg,0,8
1088.jpg,1,65
1089.jpg,0,88
1090.jpg,1,87
1091.jpg,0,82
1092.jpg,2,83
1093.jpg,0,5
1094.jpg,2,62
1095.jpg,1,18
1096.jpg,2,58
1097.jpg,2,77
1098.jpg,2,64
1099.jpg,0,40
1100.jpg,2,58
1101.jpg,0,28
1102.jpg,1,22
1103.jpg,0,61
1104.jpg,2,47
1105.jpg,2,48
1106.jpg,2,73
1107.jpg,0,28
1108.jpg,2,72
1109.jpg,0,24
1110.jpg,1,71
1111.jpg,1,66
1112.jpg,1,80
1113.jpg,2,47
1114.jpg,0,6
1115.jpg,2,73
1116.jpg,1,31
1117.jpg,1,46
1118.jpg,0,27
1119.jpg,2,83
1120.jpg,0,6
1121.jpg,0,11
1122.jpg,2,1
1123.jpg,1,49
1124.jpg,1,18
1125.jpg,2,72
1126.jpg,0,40
1127.jpg,1,63
1128.jpg,2,56
1129.jpg,0,14
1130.jpg,2,29
1131.jpg,0,74
1132.jpg,1,31
1133.jpg,0,57
1134.jpg,2,43
1135.jpg,1,12
1136.jpg,2,77
1137.jpg,2,51
1138.jpg,2,1
1139.jpg,0,86
1140.jpg,1,22
1141.jpg,1,12
1142.jpg,2,47
1143.jpg,2,53
1144.jpg,2,48
1145.jpg,2,59
1146.jpg,2,77
1147.jpg,2,50
1148.jpg,0,28
1149.jpg,1,0
1150.jpg,1,22
1151.jpg,1,63
1152.jpg,2,58
1153.jpg,0,6
1154.jpg,0,74
1155.jpg,0,60
1156.jpg,0,41
1157.jpg,0,14
1158.jpg,2,73
1159.jpg,2,43
1160.jpg,0,30
1161.jpg,1,36
1162.jpg,2,62
1163.jpg,0,30
1164.jpg,2,48
1165.jpg,1,21
1166.jpg,2,58
1167.jpg,0,61
1168.jpg,0,4
1169.jpg,0,85
1170.jpg,1,10
1171.jpg,2,69
1172.jpg,0,81
1173.jpg,2,43
1174.jpg,2,83
1175.jpg,2,73
1176.jpg,1,7
1177.jpg,0,76
1178.jpg,0,4
1179.jpg,1,49
1180.jpg,2,47
1181.jpg,2,58
1182.jpg,2,43
1183.jpg,1,65
1184.jpg,1,23
1185.jpg,0,8
1186.jpg,0,60
1187.jpg,0,74
1188.jpg,2,69
1189.jpg,2,43
1190.jpg,2,51
1191.jpg,1,31
1192.jpg,1,23
1193.jpg,2,67
1194.jpg,1,46
1195.jpg,0,30
1196.jpg,1,22
1197.jpg,1,71
1198.jpg,2,59
1199.jpg,2,3
1200.jpg,2,53
1201.jpg,2,72
1202.jpg,2,44
1203.jpg,0,16
1204.jpg,2,1
1205.jpg,1,87
1206.jpg,1,22
1207.jpg,0,74
1208.jpg,2,59
1209.jpg,2,43
1210.jpg,1,21
1211.jpg,0,86
1212.jpg,1,66
1213.jpg,2,35
1214.jpg,0,27
1215.jpg,1,37
1216.jpg,0,60
1217.jpg,1,78
1218.jpg,2,13
1219.jpg,2,43
1220.jpg,2,83
1221.jpg,2,48
1222.jpg,1,45
1223.jpg,1,46
1224.jpg,0,81
1225.jpg,0,85
1226.jpg,2,77
1227.jpg,2,69
1228.jpg,2,50
1229.jpg,0,28
1230.jpg,0,42
1231.jpg,2,77
1232.jpg,1,2
1233.jpg,0,6
1234.jpg,0,41
1235.jpg,2,43
1236.jpg,1,7
1237.jpg,2,44
1238.jpg,1,12
1239.jpg,0,24
1240.jpg,2,75
1241.jpg,1,31
1242.jpg,0,6
1243.jpg,0,84
1244.jpg,2,29
1245.jpg,1,18
1246.jpg,0,16
1247.jpg,0,61
1248.jpg,1,17
1249.jpg,2,59
1250.jpg,0,85
1251.jpg,1,71
1252.jpg,2,33
1253.jpg,0,82
1254.jpg,1,18
1255.jpg,2,75
1256.jpg,1,36
1257.jpg,1,25
1258.jpg,0,6
1259.jpg,2,39
1260.jpg,2,69
1261.jpg,1,78
1262.jpg,2,33
1263.jpg,0,28
1264.jpg,2,69
1265.jpg,0,88
1266.jpg,0,88
1267.jpg,0,86
1268.jpg,1,36
1269.jpg,0,6
1270.jpg,0,16
1271.jpg,2,51
1272.jpg,1,31
1273.jpg,1,63
1274.jpg,0,52
1275.jpg,1,66
1276.jpg,2,15
1277.jpg,0,4
1278.jpg,0,27
1279.jpg,2,39
1280.jpg,1,65
1281.jpg,1,49
1282.jpg,0,6
1283.jpg,1,49
1284.jpg,0,27
1285.jpg,0,16
1286.jpg,2,51
1287.jpg,1,18
1288.jpg,1,63
1289.jpg,2,43
1290.jpg,1,22
1291.jpg,0,76
1292.jpg,2,59
1293.jpg,0,60
1294.jpg,2,50
1295.jpg,2,53
1296.jpg,0,24
1297.jpg,0,60
1298.jpg,1,22
1299.jpg,2,58
1300.jpg,0,28
1301.jpg,0,86
1302.jpg,1,17
1303.jpg,1,71
1304.jpg,2,3
1305.jpg,2,51
1306.jpg,1,31
1307.jpg,2,44
1308.jpg,2,83
1309.jpg,1,0
1310.jpg,1,23
1311.jpg,2,77
1312.jpg,0,60
1313.jpg,2,39
1314.jpg,2,83
1315.jpg,0,16
1316.jpg,0,74
1317.jpg,0,84
1318.jpg,1,36
1319.jpg,2,83
1320.jpg,2,64
1321.jpg,2,68
1322.jpg,0,88
1323.jpg,0,11
1324.jpg,0,5
1325.jpg,2,50
1326.jpg,0,24
1327.jpg,1,66
1328.jpg,1,49
1329.jpg,0,26
1330.jpg,1,23
1331.jpg,2,29
1332.jpg,1,2
1333.jpg,1,66
1334.jpg,2,62
1335.jpg,2,13
1336.jpg,1,49
1337.jpg,1,7
1338.jpg,2,58
1339.jpg,1,65
1340.jpg,2,56
1341.jpg,0,19
1342.jpg,0,28
1343.jpg,1,36
1344.jpg,0,60
1345.jpg,1,55
1346.jpg,2,44
1347.jpg,0,86
1348.jpg,0,28
1349.jpg,2,75
1350.jpg,1,78
1351.jpg,2,53
1352.jpg,0,26
1353.jpg,1,87
1354.jpg,0,85
1355.jpg,1,17
1356.jpg,1,9
1357.jpg,1,22
1358.jpg,1,21
1359.jpg,0,14
1360.jpg,1,31
1361.jpg,1,18
1362.jpg,0,20
1363.jpg,2,48
1364.jpg,2,47
1365.jpg,1,36
1366.jpg,0,76
1367.jpg,1,36
1368.jpg,0,6
1369.jpg,1,65
1370.jpg,1,7
1371.jpg,1,22
1372.jpg,2,29
1373.jpg,2,29
1374.jpg,2,33
1375.jpg,0,42
1376.jpg,1,37
1377.jpg,0,24
1378.jpg,0,14
1379.jpg,2,64
1380.jpg,2,35
1381.jpg,2,15
1382.jpg,2,44
1383.jpg,1,65
1384.jpg,1,23
1385.jpg,1,36
1386.jpg,2,43
1387.jpg,2,75
1388.jpg,1,71
1389.jpg,0,41
1390.jpg,2,56
1391.jpg,0,52
1392.jpg,2,51
1393.jpg,2,44
1394.jpg,0,30
1395.jpg,2,1
1396.jpg,2,34
1397.jpg,2,50
1398.jpg,0,86
1399.jpg,2,72
1400.jpg,2,58
1401.jpg,0,82
1402.jpg,2,44
1403.jpg,2,39
1404.jpg,0,4
1405.jpg,0,5
1406.jpg,2,62
1407.jpg,1,22
1408.jpg,0,84
1409.jpg,0,24
1410.jpg,1,63
1411.jpg,2,33
1412.jpg,1,23
1413.jpg,2,83
1414.jpg,2,67
1415.jpg,2,50
1416.jpg,1,45
1417.jpg,2,58
1418.jpg,2,68
1419.jpg,2,53
1420.jpg,0,28
1421.jpg,2,72
1422.jpg,1,37
1423.jpg,1,22
1424.jpg,1,71
1425.jpg,2,1
1426.jpg,0,40
1427.jpg,2,43
1428.jpg,1,38
1429.jpg,1,49
1430.jpg,1,80
1431.jpg,0,41
1432.jpg,1,23
1433.jpg,1,36
1434.jpg,1,18
1435.jpg,2,73
1436.jpg,1,22
1437.jpg,2,1
1438.jpg,0,52
1439.jpg,1,87
1440.jpg,1,22
1441.jpg,1,65
1442.jpg,2,44
1443.jpg,2,1
1444.jpg,1,87
1445.jpg,1,65
1446.jpg,0,27
1447.jpg,0,76
1448.jpg,1,54
1449.jpg,2,51
1450.jpg,2,39
1451.jpg,0,27
1452.jpg,1,21
1453.jpg,0,24
1454.jpg,2,64
1455.jpg,0,79
1456.jpg,1,0
1457.jpg,2,72
1458.jpg,2,70
1459.jpg,2,33
1460.jpg,2,75
1461.jpg,0,24
1462.jpg,1,10
1463.jpg,0,26
1464.jpg,1,2
1465.jpg,0,5
1466.jpg,1,54
1467.jpg,2,48
1468.jpg,2,39
1469.jpg,0,42
1470.jpg,2,44
1471.jpg,1,38
1472.jpg,2,73
1473.jpg,0,84
1474.jpg,1,22
1475.jpg,0,4
1476.jpg,1,63
1477.jpg,1,66
1478.jpg,1,25
1479.jpg,0,40
1480.jpg,2,35
1481.jpg,0,61
1482.jpg,0,81
1483.jpg,2,51
1484.jpg,2,59
1485.jpg,1,9
1486.jpg,0,11
1487.jpg,2,56
1488.jpg,2,51
1489.jpg,0,20
1490.jpg,1,66
1491.jpg,2,47
1492.jpg,1,7
1493.jpg,1,66
1494.jpg,1,71
1495.jpg,1,18
1496.jpg,2,43
1497.jpg,0,14
1498.jpg,1,9
1499.jpg,2,75
1500.jpg,0,85
1501.jpg,0,41
1502.jpg,1,54
1503.jpg,0,52
1504.jpg,1,21
1505.jpg,0,4
1506.jpg,1,46
1507.jpg,2,50
1508.jpg,1,63
1509.jpg,2,51
1510.jpg,1,46
1511.jpg,0,28
1512.jpg,2,83
1513.jpg,2,75
1514.jpg,1,18
1515.jpg,0,86
1516.jpg,0,85
1517.jpg,2,77
1518.jpg,1,49
1519.jpg,0,76
1520.jpg,2,29
1521.jpg,2,34
1522.jpg,1,71
1523.jpg,0,81
1524.jpg,0,16
1525.jpg,1,46
1526.jpg,1,54
1527.jpg,1,54
1528.jpg,0,14
1529.jpg,2,58
1530.jpg,1,7
1531.jpg,0,4
1532.jpg,2,75
1533.jpg,1,18
1534.jpg,2,73
1535.jpg,0,28
1536.jpg,0,24
1537.jpg,0,41
1538.jpg,1,71
1539.jpg,2,13
1540.jpg,1,46
1541.jpg,2,35
1542.jpg,1,7
1543.jpg,2,72
1544.jpg,1,66
1545.jpg,0,24
1546.jpg,0,57
1547.jpg,1,36
1548.jpg,2,39
1549.jpg,1,2
1550.jpg,2,64
1551.jpg,1,18
1552.jpg,1,2
1553.jpg,2,73
1554.jpg,2,59
1555.jpg,2,83
1556.jpg,1,49
1557.jpg,1,46
1558.jpg,1,12
1559.jpg,1,71
1560.jpg,0,28
1561.jpg,0,20
1562.jpg,2,83
1563.jpg,2,47
1564.jpg,1,36
1565.jpg,0,14
1566.jpg,0,28
1567.jpg,1,63
1568.jpg,1,7
1569.jpg,2,72
1570.jpg,1,65
1571.jpg,0,61
1572.jpg,0,74
1573.jpg,0,42
1574.jpg,2,44
1575.jpg,1,9
1576.jpg,1,71
1577.jpg,0,26
1578.jpg,2,67
1579.jpg,1,80
1580.jpg,0,6
1581.jpg,2,53
1582.jpg,2,67
1583.jpg,2,64
1584.jpg,0,6
1585.jpg,0,86
1586.jpg,2,39
1587.jpg,0,16
1588.jpg,1,37
1589.jpg,2,29
1590.jpg,2,64
1591.jpg,0,4
1592.jpg,2,3
1593.jpg,0,5
1594.jpg,2,77
1595.jpg,0,61
1596.jpg,2,58
1597.jpg,2,83
1598.jpg,0,41
1599.jpg,2,73
1600.jpg,1,12
1601.jpg,0,6
1602.jpg,2,1
1603.jpg,0,26
1604.jpg,0,6
1605.jpg,0,20
1606.jpg,1,7
1607.jpg,0,24
1608.jpg,2,73
1609.jpg,2,70
1610.jpg,2,47
1611.jpg,0,19
1612.jpg,2,53
1613.jpg,0,52
1614.jpg,1,71
1615.jpg,0,88
1616.jpg,1,25
1617.jpg,0,84
1618.jpg,0,4
1619.jpg,0,27
1620.jpg,1,32
1621.jpg,1,37
1622.jpg,1,63
1623.jpg,1,80
1624.jpg,1,36
1625.jpg,1,22
1626.jpg,0,28
1627.jpg,1,12
1628.jpg,0,27
1629.jpg,1,17
1630.jpg,1,49
1631.jpg,1,0
1632.jpg,0,8
1633.jpg,0,27
1634.jpg,0,86
1635.jpg,0,86
1636.jpg,1,87
1637.jpg,1,46
1638.jpg,0,5
1639.jpg,2,53
1640.jpg,1,63
1641.jpg,0,81
1642.jpg,1,0
1643.jpg,0,86
1644.jpg,0,26
1645.jpg,1,21
1646.jpg,1,45
1647.jpg,1,49
1648.jpg,0,88
1649.jpg,0,74
1650.jpg,1,21
1651.jpg,0,41
1652.jpg,1,0
1653.jpg,2,33
1654.jpg,2,83
1655.jpg,2,83
1656.jpg,1,37
1657.jpg,0,27
1658.jpg,1,18
1659.jpg,0,86
1660.jpg,2,67
1661.jpg,0,28
1662.jpg,1,49
1663.jpg,0,88
1664.jpg,0,84
1665.jpg,2,35
1666.jpg,2,39
1667.jpg,0,85
1668.jpg,2,35
1669.jpg,1,66
1670.jpg,1,23
1671.jpg,1,18
1672.jpg,1,7
1673.jpg,0,40
1674.jpg,2,70
1675.jpg,2,58
1676.jpg,1,32
1677.jpg,2,35
1678.jpg,0,14
1679.jpg,2,56
1680.jpg,0,60
1681.jpg,2,67
1682.jpg,1,46
1683.jpg,0,11
1684.jpg,2,35
1685.jpg,1,7
1686.jpg,0,76
1687.jpg,2,64
1688.jpg,1,71
1689.jpg,0,11
1690.jpg,0,81
1691.jpg,2,35
1692.jpg,0,11
1693.jpg,2,64
1694.jpg,2,44
1695.jpg,2,77
1696.jpg,0,24
1697.jpg,1,38
1698.jpg,1,9
1699.jpg,2,15
1700.jpg,2,43
1701.jpg,2,50
1702.jpg,2,67
1703.jpg,0,41
1704.jpg,2,73
1705.jpg,1,25
1706.jpg,1,31
1707.jpg,0,76
1708.jpg,0,24
1709.jpg,2,1
1710.jpg,0,86
1711.jpg,2,1
1712.jpg,2,3
1713.jpg,2,43
1714.jpg,1,66
1715.jpg,2,51
1716.jpg,0,41
1717.jpg,2,51
1718.jpg,1,78
1719.jpg,1,65
1720.jpg,1,37
1721.jpg,2,59
1722.jpg,1,10
1723.jpg,0,28
1724.jpg,2,3
1725.jpg,0,26
1726.jpg,1,37
1727.jpg,2,70
1728.jpg,1,71
1729.jpg,0,84
1730.jpg,0,28
1731.jpg,2,64
1732.jpg,1,37
1733.jpg,2,77
1734.jpg,1,65
1735.jpg,2,1
1736.jpg,0,60
1737.jpg,2,29
1738.jpg,0,74
1739.jpg,1,31
1740.jpg,1,32
1741.jpg,0,60
1742.jpg,0,81
1743.jpg,0,76
1744.jpg,2,53
1745.jpg,1,18
1746.jpg,0,86
1747.jpg,2,72
1748.jpg,0,28
1749.jpg,2,35
1750.jpg,2,43
1751.jpg,2,58
1752.jpg,2,1
1753.jpg,2,58
1754.jpg,0,88
1755.jpg,2,1
1756.jpg,1,10
1757.jpg,2,83
1758.jpg,2,83
1759.jpg,1,22
1760.jpg,0,19
1761.jpg,2,64
1762.jpg,2,47
1763.jpg,2,64
1764.jpg,1,36
1765.jpg,0,74
1766.jpg,1,66
1767.jpg,0,76
1768.jpg,2,69
1769.jpg,1,63
1770.jpg,2,77
1771.jpg,0,74
1772.jpg,0,61
1773.jpg,0,8
1774.jpg,2,70
1775.jpg,1,7
1776.jpg,2,33
1777.jpg,2,51
1778.jpg,2,72
1779.jpg,1,32
1780.jpg,2,29
1781.jpg,2,51
1782.jpg,1,7
1783.jpg,1,71
1784.jpg,0,6
1785.jpg,0,19
1786.jpg,0,4
1787.jpg,2,64
1788.jpg,2,29
1789.jpg,2,35
1790.jpg,1,31
1791.jpg,1,32
1792.jpg,0,84
1793.jpg,0,74
1794.jpg,2,67
1795.jpg,2,44
1796.jpg,2,50
1797.jpg,2,59
1798.jpg,0,8
1799.jpg,0,6
1800.jpg,0,79
1801.jpg,1,21
1802.jpg,0,6
1803.jpg,0,11
1804.jpg,2,39
1805.jpg,0,30
1806.jpg,2,59
1807.jpg,1,9
1808.jpg,0,27
1809.jpg,2,72
1810.jpg,2,70
1811.jpg,2,44
1812.jpg,2,75
1813.jpg,1,80
1814.jpg,2,83
1815.jpg,1,71
1816.jpg,1,37
1817.jpg,0,27
1818.jpg,1,45
1819.jpg,2,67
1820.jpg,2,1
1821.jpg,2,44
1822.jpg,0,24
1823.jpg,2,70
1824.jpg,0,61
1825.jpg,2,47
1826.jpg,1,71
1827.jpg,0,74
1828.jpg,1,78
1829.jpg,2,58
1830.jpg,0,14
1831.jpg,1,46
1832.jpg,0,57
1833.jpg,1,37
1834.jpg,2,50
1835.jpg,0,30
1836.jpg,1,36
1837.jpg,0,4
1838.jpg,2,29
1839.jpg,0,19
1840.jpg,0,57
1841.jpg,0,40
1842.jpg,0,60
1843.jpg,0,6
1844.jpg,1,31
1845.jpg,2,77
1846.jpg,1,7
1847.jpg,1,21
1848.jpg,2,73
1849.jpg,1,46
1850.jpg,2,43
1851.jpg,2,47
1852.jpg,1,63
1853.jpg,1,2
1854.jpg,2,67
1855.jpg,0,6
1856.jpg,2,39
1857.jpg,0,85
1858.jpg,0,61
1859.jpg,2,58
1860.jpg,2,43
1861.jpg,2,1
1862.jpg,0,82
1863.jpg,0,74
1864.jpg,1,49
1865.jpg,2,62
1866.jpg,2,58
1867.jpg,2,35
1868.jpg,2,56
1869.jpg,2,70
1870.jpg,2,44
1871.jpg,1,2
1872.jpg,2,13
1873.jpg,2,50
1874.jpg,2,59
1875.jpg,1,49
1876.jpg,0,61
1877.jpg,2,58
1878.jpg,2,33
1879.jpg,1,7
1880.jpg,0,6
1881.jpg,0,86
1882.jpg,2,1
1883.jpg,1,37
1884.jpg,2,70
1885.jpg,0,57
1886.jpg,2,48
1887.jpg,0,79
1888.jpg,1,36
1889.jpg,1,22
1890.jpg,0,42
1891.jpg,2,35
1892.jpg,2,35
1893.jpg,2,53
1894.jpg,2,58
1895.jpg,0,11
1896.jpg,2,48
1897.jpg,1,7
1898.jpg,0,40
1899.jpg,2,77
1900.jpg,1,46
1901.jpg,1,46
1902.jpg,2,29
1903.jpg,0,26
1904.jpg,2,64
1905.jpg,0,24
1906.jpg,1,37
1907.jpg,2,73
1908.jpg,2,50
1909.jpg,1,80
1910.jpg,2,53
1911.jpg,0,81
1912.jpg,0,5
1913.jpg,2,67
1914.jpg,0,60
1915.jpg,0,42
1916.jpg,2,3
1917.jpg,0,27
1918.jpg,2,35
1919.jpg,1,32
1920.jpg,1,22
1921.jpg,1,23
1922.jpg,2,44
1923.jpg,1,18
1924.jpg,0,30
1925.jpg,0,11
1926.jpg,1,36
1927.jpg,2,15
1928.jpg,2,50
1929.jpg,1,36
1930.jpg,0,19
1931.jpg,2,13
1932.jpg,1,49
1933.jpg,1,32
1934.jpg,1,25
1935.jpg,0,52
1936.jpg,2,48
1937.jpg,2,69
1938.jpg,1,12
1939.jpg,0,84
1940.jpg,1,80
1941.jpg,1,45
1942.jpg,1,65
1943.jpg,0,4
1944.jpg,2,62
1945.jpg,2,58
1946.jpg,0,8
1947.jpg,0,57
1948.jpg,0,11
1949.jpg,2,47
1950.jpg,1,80
1951.jpg,2,59
1952.jpg,2,35
1953.jpg,2,77
1954.jpg,2,62
1955.jpg,1,36
1956.jpg,0,86
1957.jpg,1,7
1958.jpg,2,50
1959.jpg,0,5
1960.jpg,2,34
1961.jpg,2,77
1962.jpg,1,12
1963.jpg,2,73
1964.jpg,0,6
1965.jpg,0,28
1966.jpg,0,16
1967.jpg,1,49
1968.jpg,0,74
1969.jpg,2,13
1970.jpg,1,66
1971.jpg,0,4
1972.jpg,2,1
1973.jpg,0,19
1974.jpg,0,76
1975.jpg,0,81
1976.jpg,2,3
1977.jpg,2,43
1978.jpg,2,29
1979.jpg,0,5
1980.jpg,2,64
1981.jpg,2,73
1982.jpg,2,44
1983.jpg,0,28
1984.jpg,1,45
1985.jpg,2,43
1986.jpg,0,16
1987.jpg,1,31
1988.jpg,1,45
1989.jpg,0,85
1990.jpg,1,71
1991.jpg,2,56
1992.jpg,2,62
1993.jpg,0,82
1994.jpg,2,44
1995.jpg,0,28
1996.jpg,0,84
1997.jpg,1,71
1998.jpg,2,67
1999.jpg,1,36
2000.jpg,2,44
2001.jpg,0,76
2002.jpg,0,24
2003.jpg,1,36
2004.jpg,2,62
2005.jpg,1,63
2006.jpg,2,15
2007.jpg,2,29
2008.jpg,2,62
2009.jpg,0,19
2010.jpg,1,63
2011.jpg,1,21
2012.jpg,2,51
2013.jpg,1,45
2014.jpg,1,9
2015.jpg,2,58
2016.jpg,0,5
2017.jpg,1,66
2018.jpg,1,63
2019.jpg,2,83
2020.jpg,1,31
2021.jpg,0,84
2022.jpg,1,31
2023.jpg,0,79
2024.jpg,2,67
2025.jpg,1,17
2026.jpg,1,66
2027.jpg,2,44
2028.jpg,1,49
2029.jpg,2,72
2030.jpg,0,61
2031.jpg,2,13
2032.jpg,2,56
2033.jpg,2,83
2034.jpg,2,51
2035.jpg,0,8
2036.jpg,0,84
2037.jpg,2,13
2038.jpg,0,76
2039.jpg,1,87
2040.jpg,1,10
2041.jpg,0,57
2042.jpg,2,75
2043.jpg,1,18
2044.jpg,2,72
2045.jpg,2,47
2046.jpg,1,71
2047.jpg,0,5
2048.jpg,0,76
2049.jpg,1,46
2050.jpg,1,18
2051.jpg,0,84
2052.jpg,1,32
2053.jpg,2,34
2054.jpg,1,65
2055.jpg,1,17
2056.jpg,0,20
2057.jpg,2,83
2058.jpg,2,53
2059.jpg,1,49
2060.jpg,2,64
2061.jpg,2,70
2062.jpg,2,3
2063.jpg,1,54
2064.jpg,1,66
2065.jpg,2,77
2066.jpg,2,1
2067.jpg,1,22
2068.jpg,1,12
2069.jpg,0,84
2070.jpg,2,3
2071.jpg,2,47
2072.jpg,0,8
2073.jpg,2,83
2074.jpg,1,10
2075.jpg,2,15
2076.jpg,2,1
2077.jpg,2,64
2078.jpg,0,6
2079.jpg,1,49
2080.jpg,1,22
2081.jpg,1,46
2082.jpg,2,1
2083.jpg,1,32
2084.jpg,1,78
2085.jpg,2,56
2086.jpg,2,59
2087.jpg,1,2
2088.jpg,2,77
2089.jpg,0,27
2090.jpg,0,28
2091.jpg,2,51
2092.jpg,0,61
2093.jpg,0,85
2094.jpg,2,15
2095.jpg,2,62
2096.jpg,1,12
2097.jpg,0,61
2098.jpg,2,53
2099.jpg,1,45
2100.jpg,2,67
2101.jpg,2,47
2102.jpg,1,63
2103.jpg,2,39
2104.jpg,1,55
2105.jpg,1,37
2106.jpg,2,64
2107.jpg,0,85
2108.jpg,0,85
2109.jpg,0,6
2110.jpg,2,68
2111.jpg,2,77
2112.jpg,2,1
2113.jpg,1,65
2114.jpg,2,48
2115.jpg,1,22
2116.jpg,1,31
2117.jpg,1,23
2118.jpg,1,65
2119.jpg,2,62
2120.jpg,1,46
2121.jpg,1,87
2122.jpg,2,1
2123.jpg,1,18
2124.jpg,0,14
2125.jpg,1,71
2126.jpg,1,49
2127.jpg,0,30
2128.jpg,2,51
2129.jpg,2,64
2130.jpg,1,0
2131.jpg,2,1
2132.jpg,1,10
2133.jpg,2,3
2134.jpg,0,86
2135.jpg,2,53
2136.jpg,2,43
2137.jpg,2,3
2138.jpg,0,41
2139.jpg,0,27
2140.jpg,2,67
2141.jpg,2,48
2142.jpg,2,83
2143.jpg,0,20
2144.jpg,2,62
2145.jpg,2,50
2146.jpg,2,68
2147.jpg,0,88
2148.jpg,0,28
2149.jpg,1,38
2150.jpg,2,58
2151.jpg,2,51
2152.jpg,0,42
2153.jpg,0,6
2154.jpg,2,50
2155.jpg,1,31
2156.jpg,2,58
2157.jpg,2,43
2158.jpg,0,24
2159.jpg,2,1
2160.jpg,0,6
2161.jpg,1,31
2162.jpg,1,65
2163.jpg,1,17
2164.jpg,1,80
2165.jpg,0,8
2166.jpg,0,41
2167.jpg,0,16
2168.jpg,1,46
2169.jpg,0,61
2170.jpg,0,41
2171.jpg,2,64
2172.jpg,1,55
2173.jpg,0,24
2174.jpg,0,40
2175.jpg,0,26
2176.jpg,1,55
2177.jpg,1,10
2178.jpg,0,6
2179.jpg,1,37
2180.jpg,0,20
2181.jpg,1,31
2182.jpg,2,51
2183.jpg,1,31
2184.jpg,2,43
2185.jpg,0,6
2186.jpg,2,70
2187.jpg,2,56
2188.jpg,0,74
2189.jpg,1,22
2190.jpg,0,42
2191.jpg,1,46
2192.jpg,2,62
2193.jpg,2,29
2194.jpg,1,10
2195.jpg,0,86
2196.jpg,2,77
2197.jpg,2,33
2198.jpg,0,27
2199.jpg,2,44
2200.jpg,2,72
2201.jpg,0,5
2202.jpg,2,48
2203.jpg,1,18
2204.jpg,1,45
2205.jpg,2,13
2206.jpg,1,21
2207.jpg,2,34
2208.jpg,2,50
2209.jpg,0,76
2210.jpg,2,64
2211.jpg,1,80
2212.jpg,2,72
2213.jpg,1,46
2214.jpg,1,46
2215.jpg,2,75
2216.jpg,0,27
2217.jpg,0,27
2218.jpg,1,31
2219.jpg,2,64
2220.jpg,0,4
2221.jpg,0,28
2222.jpg,0,30
2223.jpg,1,25
2224.jpg,0,26
2225.jpg,2,47
2226.jpg,1,12
2227.jpg,2,50
2228.jpg,1,38
2229.jpg,1,45
2230.jpg,2,43
2231.jpg,0,24
2232.jpg,1,18
2233.jpg,0,16
2234.jpg,1,31
2235.jpg,0,82
2236.jpg,1,66
2237.jpg,1,71
2238.jpg,2,72
2239.jpg,2,34
2240.jpg,1,63
2241.jpg,0,28
2242.jpg,1,0
2243.jpg,1,80
2244.jpg,2,68
2245.jpg,0,82
2246.jpg,0,27
2247.jpg,2,83
2248.jpg,0,86
2249.jpg,2,50
2250.jpg,1,9
2251.jpg,0,19
2252.jpg,1,18
2253.jpg,1,78
2254.jpg,2,62
2255.jpg,2,34
2256.jpg,0,30
2257.jpg,0,82
2258.jpg,1,37
2259.jpg,2,69
2260.jpg,0,26
2261.jpg,0,19
2262.jpg,2,58
2263.jpg,1,32
2264.jpg,2,43
2265.jpg,2,29
2266.jpg,2,59
2267.jpg,2,29
2268.jpg,2,1
2269.jpg,2,62
2270.jpg,1,55
2271.jpg,2,1
2272.jpg,1,23
2273.jpg,1,21
2274.jpg,2,72
2275.jpg,1,63
2276.jpg,1,7
2277.jpg,2,15
2278.jpg,0,52
2279.jpg,0,16
2280.jpg,2,59
2281.jpg,1,36
2282.jpg,2,47
2283.jpg,1,7
2284.jpg,2,35
2285.jpg,2,70
2286.jpg,1,38
2287.jpg,2,50
2288.jpg,2,53
2289.jpg,0,61
2290.jpg,0,4
2291.jpg,2,33
2292.jpg,1,32
2293.jpg,1,66
2294.jpg,2,70
2295.jpg,1,78
2296.jpg,0,42
2297.jpg,0,79
2298.jpg,2,58
2299.jpg,2,70
2300.jpg,2,67
2301.jpg,1,45
2302.jpg,1,0
2303.jpg,1,80
2304.jpg,1,9
2305.jpg,2,70
2306.jpg,2,68
2307.jpg,2,48
2308.jpg,0,16
2309.jpg,1,12
2310.jpg,0,81
2311.jpg,1,9
2312.jpg,1,45
2313.jpg,2,35
2314.jpg,1,0
2315.jpg,2,43
2316.jpg,1,21
2317.jpg,1,65
2318.jpg,2,67
2319.jpg,0,86
2320.jpg,2,53
2321.jpg,0,28
2322.jpg,1,63
2323.jpg,1,31
2324.jpg,2,47
2325.jpg,1,0
2326.jpg,0,60
2327.jpg,0,86
2328.jpg,1,66
2329.jpg,1,38
2330.jpg,0,76
2331.jpg,2,34
2332.jpg,2,13
2333.jpg,0,28
2334.jpg,2,29
2335.jpg,1,12
2336.jpg,0,28
2337.jpg,2,13
2338.jpg,2,33
2339.jpg,1,2
2340.jpg,0,88
2341.jpg,0,61
2342.jpg,0,81
2343.jpg,2,72
2344.jpg,0,84
2345.jpg,2,13
2346.jpg,1,32
2347.jpg,0,30
2348.jpg,0,76
2349.jpg,2,83
2350.jpg,0,19
2351.jpg,0,24
2352.jpg,2,64
2353.jpg,2,77
2354.jpg,2,64
2355.jpg,2,64
2356.jpg,2,47
2357.jpg,2,50
2358.jpg,0,16
2359.jpg,2,64
2360.jpg,0,86
2361.jpg,1,49
2362.jpg,0,41
2363.jpg,0,76
2364.jpg,1,45
2365.jpg,2,59
2366.jpg,0,28
2367.jpg,1,9
2368.jpg,2,77
2369.jpg,0,20
2370.jpg,2,33
2371.jpg,2,47
2372.jpg,0,57
2373.jpg,2,50
2374.jpg,2,70
2375.jpg,1,18
2376.jpg,2,64
2377.jpg,1,63
2378.jpg,1,25
2379.jpg,2,72
2380.jpg,2,51
2381.jpg,2,73
2382.jpg,0,30
2383.jpg,2,53
2384.jpg,2,77
2385.jpg,0,4
2386.jpg,0,52
2387.jpg,0,24
2388.jpg,2,73
2389.jpg,2,43
2390.jpg,0,82
2391.jpg,2,50
2392.jpg,1,21
2393.jpg,1,66
2394.jpg,0,24
2395.jpg,1,9
2396.jpg,1,36
2397.jpg,2,75
2398.jpg,0,79
2399.jpg,0,4
2400.jpg,2,56
2401.jpg,0,76
2402.jpg,0,86
2403.jpg,1,49
2404.jpg,0,30
2405.jpg,1,21
2406.jpg,2,72
2407.jpg,1,65
2408.jpg,2,13
2409.jpg,0,16
2410.jpg,2,64
2411.jpg,0,4
2412.jpg,1,21
2413.jpg,0,82
2414.jpg,2,39
2415.jpg,2,34
2416.jpg,1,54
2417.jpg,2,43
2418.jpg,0,52
2419.jpg,2,3
2420.jpg,0,14
2421.jpg,2,70
2422.jpg,2,50
2423.jpg,2,13
2424.jpg,2,64
2425.jpg,2,62
2426.jpg,2,44
2427.jpg,1,49
2428.jpg,1,63
2429.jpg,0,30
2430.jpg,1,0
2431.jpg,1,65
2432.jpg,2,72
2433.jpg,2,69
2434.jpg,1,65
2435.jpg,1,37
2436.jpg,1,7
2437.jpg,2,73
2438.jpg,1,45
2439.jpg,2,29
2440.jpg,2,75
2441.jpg,2,70
2442.jpg,2,64
2443.jpg,0,27
2444.jpg,2,77
2445.jpg,1,78
2446.jpg,0,24
2447.jpg,0,26
2448.jpg,1,71
2449.jpg,2,64
2450.jpg,1,2
2451.jpg,1,36
2452.jpg,1,87
2453.jpg,1,45
2454.jpg,1,55
2455.jpg,0,61
2456.jpg,1,65
2457.jpg,0,30
2458.jpg,1,37
2459.jpg,0,14
2460.jpg,0,14
2461.jpg,2,62
2462.jpg,2,64
2463.jpg,0,19
2464.jpg,2,50
2465.jpg,2,72
2466.jpg,0,86
2467.jpg,1,65
2468.jpg,2,77
2469.jpg,2,3
2470.jpg,0,20
2471.jpg,0,52
2472.jpg,0,16
2473.jpg,0,82
2474.jpg,0,82
2475.jpg,1,46
2476.jpg,2,68
2477.jpg,1,9
2478.jpg,2,67
2479.jpg,0,60
2480.jpg,1,80
2481.jpg,2,44
2482.jpg,2,3
2483.jpg,1,66
2484.jpg,0,42
2485.jpg,2,68
2486.jpg,0,76
2487.jpg,2,73
2488.jpg,0,8
2489.jpg,2,70
2490.jpg,1,65
2491.jpg,2,34
2492.jpg,2,56
2493.jpg,1,65
2494.jpg,2,56
2495.jpg,0,86
2496.jpg,2,62
2497.jpg,1,18
2498.jpg,0,81
2499.jpg,1,22
2500.jpg,2,67
2501.jpg,1,71
2502.jpg,2,77
2503.jpg,0,20
2504.jpg,2,72
2505.jpg,2,44
2506.jpg,0,86
2507.jpg,1,54
2508.jpg,1,54
2509.jpg,1,32
2510.jpg,0,5
2511.jpg,0,30
2512.jpg,1,32
2513.jpg,1,63
2514.jpg,0,76
2515.jpg,2,62
2516.jpg,2,44
2517.jpg,0,14
2518.jpg,0,4
2519.jpg,0,19
2520.jpg,2,44
2521.jpg,2,67
2522.jpg,0,30
2523.jpg,0,88
2524.jpg,1,65
2525.jpg,2,1
2526.jpg,2,53
2527.jpg,0,76
2528.jpg,2,77
2529.jpg,0,86
2530.jpg,1,66
2531.jpg,0,57
2532.jpg,1,78
2533.jpg,1,46
2534.jpg,2,62
2535.jpg,1,46
2536.jpg,2,35
2537.jpg,2,35
2538.jpg,1,36
2539.jpg,0,86
2540.jpg,2,51
2541.jpg,1,71
2542.jpg,2,53
2543.jpg,2,29
2544.jpg,1,7
2545.jpg,2,1
2546.jpg,0,52
2547.jpg,2,47
2548.jpg,2,73
2549.jpg,2,73
2550.jpg,2,59
2551.jpg,1,21
2552.jpg,1,38
2553.jpg,1,66
2554.jpg,0,85
2555.jpg,0,82
2556.jpg,1,66
2557.jpg,2,58
2558.jpg,0,14
2559.jpg,2,72
2560.jpg,1,49
2561.jpg,1,63
2562.jpg,2,29
2563.jpg,1,25
2564.jpg,2,59
2565.jpg,1,66
2566.jpg,1,37
2567.jpg,2,47
2568.jpg,1,46
2569.jpg,2,29
2570.jpg,2,44
2571.jpg,2,13
2572.jpg,1,21
2573.jpg,2,48
2574.jpg,2,70
2575.jpg,2,29
2576.jpg,1,80
2577.jpg,2,70
2578.jpg,1,2
2579.jpg,1,12
2580.jpg,2,73
2581.jpg,2,83
2582.jpg,0,60
2583.jpg,1,46
2584.jpg,1,36
2585.jpg,2,59
2586.jpg,2,51
2587.jpg,0,76
2588.jpg,1,22
2589.jpg,0,4
2590.jpg,0,30
2591.jpg,1,17
2592.jpg,2,29
2593.jpg,2,73
2594.jpg,0,27
2595.jpg,2,69
2596.jpg,1,87
2597.jpg,0,26
2598.jpg,2,47
2599.jpg,0,8
2600.jpg,0,60
2601.jpg,1,49
2602.jpg,2,44
2603.jpg,1,66
2604.jpg,1,10
2605.jpg,2,44
2606.jpg,2,58
2607.jpg,2,77
2608.jpg,0,76
2609.jpg,1,38
2610.jpg,0,27
2611.jpg,2,29
2612.jpg,0,40
2613.jpg,1,12
2614.jpg,0,20
2615.jpg,2,13
2616.jpg,1,37
2617.jpg,1,22
2618.jpg,0,20
2619.jpg,0,24
2620.jpg,0,86
2621.jpg,1,0
2622.jpg,0,8
2623.jpg,1,46
2624.jpg,2,58
2625.jpg,1,32
2626.jpg,1,2
2627.jpg,2,83
2628.jpg,2,70
2629.jpg,2,83
2630.jpg,0,52
2631.jpg,1,9
2632.jpg,1,71
2633.jpg,2,39
2634.jpg,1,87
2635.jpg,2,68
2636.jpg,2,51
2637.jpg,1,37
2638.jpg,0,57
2639.jpg,1,80
2640.jpg,2,3
2641.jpg,0,24
2642.jpg,2,58
2643.jpg,1,18
2644.jpg,2,64
2645.jpg,0,52
2646.jpg,2,68
2647.jpg,0,26
2648.jpg,1,22
2649.jpg,2,39
2650.jpg,1,36
2651.jpg,2,33
2652.jpg,0,20
2653.jpg,1,78
2654.jpg,1,71
2655.jpg,2,83
2656.jpg,0,41
2657.jpg,1,7
2658.jpg,0,52
2659.jpg,2,1
2660.jpg,0,52
2661.jpg,2,1
2662.jpg,1,38
2663.jpg,2,59
2664.jpg,0,24
2665.jpg,0,88
2666.jpg,1,55
2667.jpg,2,48
2668.jpg,2,73
2669.jpg,1,21
2670.jpg,1,55
2671.jpg,1,38
2672.jpg,2,64
2673.jpg,2,50
2674.jpg,0,40
2675.jpg,1,46
2676.jpg,1,12
2677.jpg,2,13
2678.jpg,1,32
2679.jpg,1,71
2680.jpg,2,48
2681.jpg,2,73
2682.jpg,0,52
2683.jpg,2,72
2684.jpg,2,72
2685.jpg,2,72
2686.jpg,2,62
2687.jpg,1,66
2688.jpg,2,68
2689.jpg,0,6
2690.jpg,0,24
2691.jpg,2,44
2692.jpg,0,14
2693.jpg,0,30
2694.jpg,1,66
2695.jpg,1,46
2696.jpg,2,29
2697.jpg,1,63
2698.jpg,0,84
2699.jpg,1,87
2700.jpg,1,71
2701.jpg,2,35
2702.jpg,1,25
2703.jpg,2,70
2704.jpg,0,41
2705.jpg,2,44
2706.jpg,1,45
2707.jpg,2,64
2708.jpg,2,35
2709.jpg,0,24
2710.jpg,2,48
2711.jpg,2,62
2712.jpg,2,58
2713.jpg,0,27
2714.jpg,1,7
2715.jpg,1,22
2716.jpg,0,30
2717.jpg,0,76
2718.jpg,1,9
2719.jpg,1,87
2720.jpg,1,87
2721.jpg,2,50
2722.jpg,2,51
2723.jpg,2,73
2724.jpg,0,28
2725.jpg,2,1
2726.jpg,1,63
2727.jpg,0,20
2728.jpg,1,9
2729.jpg,2,70
2730.jpg,0,42
2731.jpg,2,34
2732.jpg,2,62
2733.jpg,2,58
2734.jpg,2,29
2735.jpg,2,53
2736.jpg,0,60
2737.jpg,2,47
2738.jpg,1,23
2739.jpg,2,47
2740.jpg,2,68
2741.jpg,0,28
2742.jpg,1,78
2743.jpg,1,31
2744.jpg,2,64
2745.jpg,0,11
2746.jpg,2,48
2747.jpg,1,7
2748.jpg,2,33
2749.jpg,1,65
2750.jpg,2,70
2751.jpg,1,37
2752.jpg,2,43
2753.jpg,1,9
2754.jpg,1,21
2755.jpg,0,30
2756.jpg,1,18
2757.jpg,1,80
2758.jpg,2,43
2759.jpg,2,58
2760.jpg,0,27
2761.jpg,1,21
2762.jpg,1,46
2763.jpg,1,46
2764.jpg,2,43
2765.jpg,2,77
2766.jpg,0,28
2767.jpg,2,83
2768.jpg,2,58
2769.jpg,1,66
2770.jpg,0,6
2771.jpg,2,44
2772.jpg,2,3
2773.jpg,2,15
2774.jpg,2,1
2775.jpg,1,21
2776.jpg,1,87
2777.jpg,2,47
2778.jpg,2,62
2779.jpg,2,43
2780.jpg,0,84
2781.jpg,1,7
2782.jpg,1,9
2783.jpg,1,17
2784.jpg,0,30
2785.jpg,2,35
2786.jpg,0,11
2787.jpg,2,53
2788.jpg,2,51
2789.jpg,2,67
2790.jpg,0,86
2791.jpg,2,34
2792.jpg,2,72
2793.jpg,1,65
2794.jpg,0,8
2795.jpg,2,70
2796.jpg,0,28
2797.jpg,2,34
2798.jpg,0,40
2799.jpg,1,25
2800.jpg,1,18
2801.jpg,2,35
2802.jpg,0,20
2803.jpg,2,68
2804.jpg,2,62
2805.jpg,1,31
2806.jpg,1,7
2807.jpg,1,63
2808.jpg,1,10
2809.jpg,2,15
2810.jpg,2,68
2811.jpg,2,73
2812.jpg,2,75
2813.jpg,2,73
2814.jpg,2,58
2815.jpg,1,66
2816.jpg,2,29
2817.jpg,2,44
2818.jpg,1,71
2819.jpg,0,61
2820.jpg,0,81
2821.jpg,0,14
2822.jpg,2,29
2823.jpg,2,43
2824.jpg,2,29
2825.jpg,1,54
2826.jpg,1,7
2827.jpg,1,23
2828.jpg,2,62
2829.jpg,1,18
2830.jpg,2,73
2831.jpg,2,67
2832.jpg,1,66
2833.jpg,1,87
2834.jpg,1,66
2835.jpg,2,77
2836.jpg,0,40
2837.jpg,2,47
2838.jpg,2,47
2839.jpg,0,76
2840.jpg,1,46
2841.jpg,2,58
2842.jpg,0,4
2843.jpg,2,1
2844.jpg,1,21
2845.jpg,1,49
2846.jpg,2,35
2847.jpg,1,45
2848.jpg,1,66
2849.jpg,1,21
2850.jpg,2,1
2851.jpg,1,2
2852.jpg,2,29
2853.jpg,0,8
2854.jpg,2,70
2855.jpg,1,0
2856.jpg,2,73
2857.jpg,2,75
2858.jpg,1,80
2859.jpg,2,59
2860.jpg,2,62
2861.jpg,2,59
2862.jpg,0,6
2863.jpg,1,78
2864.jpg,1,66
2865.jpg,0,86
2866.jpg,0,24
2867.jpg,2,34
2868.jpg,1,2
2869.jpg,2,83
2870.jpg,2,73
2871.jpg,2,51
2872.jpg,2,83
2873.jpg,2,15
2874.jpg,0,76
2875.jpg,2,35
2876.jpg,2,67
2877.jpg,2,72
2878.jpg,2,67
2879.jpg,0,28
2880.jpg,0,28
2881.jpg,0,57
2882.jpg,2,51
2883.jpg,2,39
2884.jpg,1,49
2885.jpg,2,75
2886.jpg,0,4
2887.jpg,1,66
2888.jpg,1,80
2889.jpg,2,53
2890.jpg,1,37
2891.jpg,0,11
2892.jpg,1,36
2893.jpg,1,12
2894.jpg,2,44
2895.jpg,2,29
2896.jpg,1,10
2897.jpg,2,70
2898.jpg,2,72
2899.jpg,0,57
2900.jpg,1,17
2901.jpg,1,71
2902.jpg,2,68
2903.jpg,2,35
2904.jpg,0,86
2905.jpg,2,47
2906.jpg,0,30
2907.jpg,2,29
2908.jpg,0,14
2909.jpg,0,19
2910.jpg,0,4
2911.jpg,1,18
2912.jpg,0,6
2913.jpg,2,70
2914.jpg,2,13
2915.jpg,1,80
2916.jpg,1,63
2917.jpg,2,50
2918.jpg,1,12
2919.jpg,0,60
2920.jpg,1,21
2921.jpg,1,22
2922.jpg,2,35
2923.jpg,2,1
2924.jpg,0,30
2925.jpg,0,20
2926.jpg,1,17
2927.jpg,2,44
2928.jpg,2,51
2929.jpg,0,24
2930.jpg,0,5
2931.jpg,1,12
2932.jpg,1,46
2933.jpg,1,9
2934.jpg,2,53
2935.jpg,2,75
2936.jpg,0,40
2937.jpg,1,7
2938.jpg,0,40
2939.jpg,2,53
2940.jpg,0,11
2941.jpg,2,43
2942.jpg,2,34
2943.jpg,0,11
2944.jpg,2,50
2945.jpg,2,50
2946.jpg,0,81
2947.jpg,1,37
2948.jpg,0,27
2949.jpg,2,51
2950.jpg,2,35
2951.jpg,2,3
2952.jpg,2,53
2953.jpg,0,19
2954.jpg,1,46
2955.jpg,0,84
2956.jpg,1,46
2957.jpg,0,74
2958.jpg,0,42
2959.jpg,0,27
2960.jpg,1,36
2961.jpg,0,79
2962.jpg,2,64
2963.jpg,1,49
2964.jpg,2,75
2965.jpg,1,10
2966.jpg,1,87
2967.jpg,0,27
2968.jpg,1,21
2969.jpg,1,49
2970.jpg,0,41
2971.jpg,1,36
2972.jpg,2,29
2973.jpg,2,29
2974.jpg,2,83
2975.jpg,1,46
2976.jpg,1,65
2977.jpg,2,73
2978.jpg,2,47
2979.jpg,0,11
2980.jpg,1,25
2981.jpg,0,19
2982.jpg,2,15
2983.jpg,2,43
2984.jpg,0,60
2985.jpg,1,87
2986.jpg,1,37
2987.jpg,1,22
2988.jpg,2,50
2989.jpg,1,18
2990.jpg,2,62
2991.jpg,0,26
2992.jpg,2,67
2993.jpg,2,59
2994.jpg,0,11
2995.jpg,0,41
2996.jpg,2,73
2997.jpg,2,35
2998.jpg,0,40
2999.jpg,1,7
3000.jpg,0,19
3001.jpg,0,6
3002.jpg,0,85
3003.jpg,2,83
3004.jpg,1,63
3005.jpg,1,37
3006.jpg,0,86
3007.jpg,0,24
3008.jpg,2,72
3009.jpg,1,45
3010.jpg,1,25
3011.jpg,1,71
3012.jpg,1,45
3013.jpg,0,27
3014.jpg,0,57
3015.jpg,0,4
3016.jpg,1,31
3017.jpg,1,63
3018.jpg,0,8
3019.jpg,2,29
3020.jpg,0,24
3021.jpg,1,38
3022.jpg,0,60
3023.jpg,0,61
3024.jpg,0,42
3025.jpg,1,63
3026.jpg,1,46
3027.jpg,2,58
3028.jpg,0,16
3029.jpg,2,43
3030.jpg,0,76
3031.jpg,2,59
3032.jpg,0,24
3033.jpg,1,37
3034.jpg,2,53
3035.jpg,2,53
3036.jpg,1,10
3037.jpg,2,72
3038.jpg,2,44
3039.jpg,2,33
3040.jpg,0,27
3041.jpg,0,28
3042.jpg,2,39
3043.jpg,1,46
3044.jpg,2,44
3045.jpg,2,1
3046.jpg,0,81
3047.jpg,2,59
3048.jpg,1,46
3049.jpg,2,69
3050.jpg,0,27
3051.jpg,0,52
3052.jpg,1,65
3053.jpg,2,29
3054.jpg,2,48
3055.jpg,2,43
3056.jpg,1,55
3057.jpg,2,53
3058.jpg,0,27
3059.jpg,0,28
3060.jpg,2,72
3061.jpg,1,21
3062.jpg,1,21
3063.jpg,0,24
3064.jpg,0,6
3065.jpg,2,69
3066.jpg,1,49
3067.jpg,2,77
3068.jpg,2,59
3069.jpg,0,82
3070.jpg,2,44
3071.jpg,1,71
3072.jpg,0,26
3073.jpg,2,67
3074.jpg,2,69
3075.jpg,0,79
3076.jpg,2,44
3077.jpg,1,18
3078.jpg,2,44
3079.jpg,2,72
3080.jpg,0,19
3081.jpg,2,56
3082.jpg,0,28
3083.jpg,1,66
3084.jpg,0,4
3085.jpg,1,17
3086.jpg,1,21
3087.jpg,2,34
3088.jpg,2,1
3089.jpg,1,21
3090.jpg,1,87
3091.jpg,1,46
3092.jpg,1,65
3093.jpg,0,19
3094.jpg,1,49
3095.jpg,2,64
3096.jpg,1,12
3097.jpg,1,17
3098.jpg,0,30
3099.jpg,1,22
3100.jpg,1,78
3101.jpg,0,24
3102.jpg,1,2
3103.jpg,2,59
3104.jpg,2,64
3105.jpg,2,72
3106.jpg,0,52
3107.jpg,2,1
3108.jpg,0,4
3109.jpg,1,9
3110.jpg,2,50
3111.jpg,0,6
3112.jpg,1,18
3113.jpg,2,70
3114.jpg,2,73
3115.jpg,0,20
3116.jpg,2,70
3117.jpg,0,4
3118.jpg,0,42
3119.jpg,1,49
3120.jpg,0,79
3121.jpg,0,26
3122.jpg,1,54
3123.jpg,1,18
3124.jpg,2,43
3125.jpg,2,67
3126.jpg,1,25
3127.jpg,1,37
3128.jpg,2,67
3129.jpg,2,59
3130.jpg,1,63
3131.jpg,1,49
3132.jpg,1,9
3133.jpg,1,32
3134.jpg,0,16
3135.jpg,1,22
3136.jpg,0,57
3137.jpg,1,7
3138.jpg,2,69
3139.jpg,0,11
3140.jpg,0,28
3141.jpg,1,49
3142.jpg,0,40
3143.jpg,2,59
3144.jpg,2,35
3145.jpg,0,86
3146.jpg,1,71
3147.jpg,1,21
3148.jpg,1,63
3149.jpg,0,4
3150.jpg,1,80
3151.jpg,2,50
3152.jpg,1,7
3153.jpg,0,24
3154.jpg,0,76
3155.jpg,2,62
3156.jpg,2,13
3157.jpg,2,58
3158.jpg,2,53
3159.jpg,2,83
3160.jpg,2,59
3161.jpg,0,19
3162.jpg,2,62
3163.jpg,1,18
3164.jpg,2,35
3165.jpg,2,34
3166.jpg,2,72
3167.jpg,2,47
3168.jpg,0,6
3169.jpg,1,63
3170.jpg,1,63
3171.jpg,0,26
3172.jpg,1,21
3173.jpg,0,79
3174.jpg,2,35
3175.jpg,1,18
3176.jpg,0,28
3177.jpg,1,38
3178.jpg,0,20
3179.jpg,2,62
3180.jpg,0,27
3181.jpg,2,47
3182.jpg,1,54
3183.jpg,2,59
3184.jpg,2,69
3185.jpg,2,59
3186.jpg,0,84
3187.jpg,0,86
3188.jpg,2,29
3189.jpg,1,71
3190.jpg,0,27
3191.jpg,1,31
3192.jpg,2,58
3193.jpg,0,24
3194.jpg,1,66
3195.jpg,2,35
3196.jpg,2,29
3197.jpg,1,18
3198.jpg,2,39
3199.jpg,2,15
3200.jpg,1,80
3201.jpg,2,39
3202.jpg,2,73
3203.jpg,1,71
3204.jpg,1,36
3205.jpg,2,67
3206.jpg,1,71
3207.jpg,2,62
3208.jpg,0,57
3209.jpg,2,83
3210.jpg,2,34
3211.jpg,0,74
3212.jpg,1,31
3213.jpg,2,3
3214.jpg,1,46
3215.jpg,1,21
3216.jpg,1,18
3217.jpg,2,83
3218.jpg,2,29
3219.jpg,0,86
3220.jpg,0,76
3221.jpg,2,83
3222.jpg,1,54
3223.jpg,2,68
3224.jpg,1,37
3225.jpg,2,59
3226.jpg,1,66
3227.jpg,0,84
3228.jpg,1,49
3229.jpg,1,10
3230.jpg,0,6
3231.jpg,2,13
3232.jpg,1,21
3233.jpg,0,79
3234.jpg,0,76
3235.jpg,2,70
3236.jpg,2,29
3237.jpg,0,61
3238.jpg,1,66
3239.jpg,2,29
3240.jpg,2,43
3241.jpg,1,46
3242.jpg,1,66
3243.jpg,0,5
3244.jpg,1,71
3245.jpg,1,46
3246.jpg,1,0
3247.jpg,1,18
3248.jpg,2,1
3249.jpg,1,37
3250.jpg,2,1
3251.jpg,2,67
3252.jpg,2,68
3253.jpg,0,76
3254.jpg,0,60
3255.jpg,0,81
3256.jpg,0,8
3257.jpg,2,58
3258.jpg,2,77
3259.jpg,1,21
3260.jpg,1,38
3261.jpg,2,62
3262.jpg,1,45
3263.jpg,1,21
3264.jpg,1,37
3265.jpg,0,57
3266.jpg,0,30
3267.jpg,2,1
3268.jpg,2,47
3269.jpg,0,6
3270.jpg,0,11
3271.jpg,2,47
3272.jpg,1,49
3273.jpg,0,40
3274.jpg,1,49
3275.jpg,1,22
3276.jpg,0,82
3277.jpg,2,39
3278.jpg,1,0
3279.jpg,2,35
3280.jpg,2,13
3281.jpg,2,29
3282.jpg,1,46
3283.jpg,0,79
3284.jpg,1,71
3285.jpg,0,30
3286.jpg,2,59
3287.jpg,0,8
3288.jpg,2,83
3289.jpg,0,4
3290.jpg,1,25
3291.jpg,1,71
3292.jpg,0,27
3293.jpg,1,87
3294.jpg,1,55
3295.jpg,1,22
3296.jpg,2,43
3297.jpg,0,30
3298.jpg,2,64
3299.jpg,2,35
3300.jpg,2,62
3301.jpg,0,6
3302.jpg,0,82
3303.jpg,1,36
3304.jpg,2,62
3305.jpg,0,24
3306.jpg,0,40
3307.jpg,0,86
3308.jpg,1,0
3309.jpg,1,49
3310.jpg,1,12
3311.jpg,2,58
3312.jpg,2,34
3313.jpg,2,47
3314.jpg,2,64
3315.jpg,2,59
3316.jpg,1,87
3317.jpg,0,86
3318.jpg,1,21
3319.jpg,0,28
3320.jpg,2,35
3321.jpg,2,73
3322.jpg,1,78
3323.jpg,2,43
3324.jpg,0,27
3325.jpg,2,48
3326.jpg,2,70
3327.jpg,2,29
3328.jpg,1,32
3329.jpg,2,43
3330.jpg,2,59
3331.jpg,1,55
3332.jpg,2,83
3333.jpg,0,82
3334.jpg,2,53
3335.jpg,2,77
3336.jpg,1,22
3337.jpg,0,85
3338.jpg,1,9
3339.jpg,0,30
3340.jpg,2,35
3341.jpg,2,59
3342.jpg,2,53
3343.jpg,2,75
3344.jpg,0,27
3345.jpg,2,13
3346.jpg,1,46
3347.jpg,1,66
3348.jpg,1,38
3349.jpg,1,36
3350.jpg,0,85
3351.jpg,0,6
3352.jpg,0,14
3353.jpg,2,59
3354.jpg,1,12
3355.jpg,1,63
3356.jpg,2,3
3357.jpg,0,82
3358.jpg,1,71
3359.jpg,0,82
3360.jpg,2,13
3361.jpg,1,25
3362.jpg,1,78
3363.jpg,1,55
3364.jpg,2,39
3365.jpg,1,49
3366.jpg,0,40
3367.jpg,1,10
3368.jpg,2,62
3369.jpg,0,88
3370.jpg,1,31
3371.jpg,2,68
3372.jpg,1,45
3373.jpg,1,25
3374.jpg,1,37
3375.jpg,0,28
3376.jpg,0,4
3377.jpg,2,50
3378.jpg,1,45
3379.jpg,0,76
3380.jpg,1,9
3381.jpg,0,24
3382.jpg,0,20
3383.jpg,2,53
3384.jpg,0,61
3385.jpg,2,39
3386.jpg,0,8
3387.jpg,1,46
3388.jpg,2,77
3389.jpg,1,38
3390.jpg,2,69
3391.jpg,1,36
3392.jpg,0,26
3393.jpg,0,6
3394.jpg,2,59
3395.jpg,2,53
3396.jpg,2,44
3397.jpg,2,39
3398.jpg,2,43
3399.jpg,0,27
3400.jpg,2,56
3401.jpg,2,83
3402.jpg,1,45
3403.jpg,1,65
3404.jpg,2,64
3405.jpg,0,84
3406.jpg,0,4
3407.jpg,2,29
3408.jpg,2,1
3409.jpg,0,42
3410.jpg,1,54
3411.jpg,0,61
3412.jpg,0,26
3413.jpg,2,64
3414.jpg,2,70
3415.jpg,1,49
3416.jpg,1,65
3417.jpg,1,36
3418.jpg,2,50
3419.jpg,0,28
3420.jpg,2,77
3421.jpg,1,37
3422.jpg,0,42
3423.jpg,2,72
3424.jpg,0,6
3425.jpg,1,7
3426.jpg,0,85
3427.jpg,2,43
3428.jpg,0,24
3429.jpg,2,58
3430.jpg,1,7
3431.jpg,2,47
3432.jpg,2,59
3433.jpg,2,3
3434.jpg,0,60
3435.jpg,1,22
3436.jpg,2,59
3437.jpg,0,4
3438.jpg,0,6
3439.jpg,0,30
3440.jpg,1,18
3441.jpg,0,85
3442.jpg,0,86
3443.jpg,1,18
3444.jpg,0,57
3445.jpg,1,38
3446.jpg,1,49
3447.jpg,1,9
3448.jpg,0,19
3449.jpg,2,33
3450.jpg,2,73
3451.jpg,1,12
3452.jpg,1,63
3453.jpg,1,63
3454.jpg,1,21
3455.jpg,1,21
3456.jpg,2,43
3457.jpg,2,50
3458.jpg,0,79
3459.jpg,2,29
3460.jpg,2,53
3461.jpg,2,43
3462.jpg,0,41
3463.jpg,0,19
3464.jpg,0,74
3465.jpg,0,28
3466.jpg,0,61
3467.jpg,0,40
3468.jpg,1,31
3469.jpg,0,82
3470.jpg,1,66
3471.jpg,1,54
3472.jpg,2,35
3473.jpg,0,19
3474.jpg,0,41
3475.jpg,2,51
3476.jpg,2,50
3477.jpg,0,82
3478.jpg,1,37
3479.jpg,2,35
3480.jpg,0,86
3481.jpg,1,55
3482.jpg,1,2
3483.jpg,0,30
3484.jpg,1,12
3485.jpg,2,64
3486.jpg,2,59
3487.jpg,1,21
3488.jpg,2,73
3489.jpg,2,48
3490.jpg,2,73
3491.jpg,2,53
3492.jpg,1,36
3493.jpg,2,43
3494.jpg,0,52
3495.jpg,0,19
3496.jpg,2,33
3497.jpg,1,46
3498.jpg,0,28
3499.jpg,2,50
3500.jpg,0,84
3501.jpg,2,83
3502.jpg,0,74
3503.jpg,1,18
3504.jpg,0,57
3505.jpg,2,62
3506.jpg,1,7
3507.jpg,1,63
3508.jpg,2,69
3509.jpg,1,23
3510.jpg,2,51
3511.jpg,1,36
3512.jpg,2,58
3513.jpg,2,58
3514.jpg,2,72
3515.jpg,0,24
3516.jpg,1,49
3517.jpg,1,23
3518.jpg,1,22
3519.jpg,0,11
3520.jpg,1,10
3521.jpg,1,38
3522.jpg,0,86
3523.jpg,2,64
3524.jpg,0,81
3525.jpg,2,51
3526.jpg,1,18
3527.jpg,0,6
3528.jpg,1,65
3529.jpg,0,24
3530.jpg,2,62
3531.jpg,2,13
3532.jpg,1,46
3533.jpg,0,60
3534.jpg,1,25
3535.jpg,2,29
3536.jpg,1,21
3537.jpg,1,25
3538.jpg,1,21
3539.jpg,2,43
3540.jpg,1,22
3541.jpg,2,77
3542.jpg,1,78
3543.jpg,2,47
3544.jpg,0,82
3545.jpg,1,37
3546.jpg,1,9
3547.jpg,1,22
3548.jpg,0,30
3549.jpg,1,7
3550.jpg,1,78
3551.jpg,0,61
3552.jpg,0,85
3553.jpg,1,21
3554.jpg,0,86
3555.jpg,0,57
3556.jpg,1,31
3557.jpg,2,72
3558.jpg,1,31
3559.jpg,2,64
3560.jpg,1,49
3561.jpg,2,77
3562.jpg,2,59
3563.jpg,0,20
3564.jpg,2,29
3565.jpg,1,45
3566.jpg,2,59
3567.jpg,2,69
3568.jpg,1,46
3569.jpg,1,22
3570.jpg,2,77
3571.jpg,1,46
3572.jpg,2,77
3573.jpg,1,10
3574.jpg,2,35
3575.jpg,2,44
3576.jpg,1,65
3577.jpg,2,67
3578.jpg,1,0
3579.jpg,2,62
3580.jpg,1,7
3581.jpg,2,75
3582.jpg,2,3
3583.jpg,1,12
3584.jpg,0,11
3585.jpg,1,25
3586.jpg,1,65
3587.jpg,1,37
3588.jpg,1,23
3589.jpg,1,80
3590.jpg,2,51
3591.jpg,2,64
3592.jpg,0,24
3593.jpg,1,10
3594.jpg,1,66
3595.jpg,2,51
3596.jpg,0,84
3597.jpg,2,77
3598.jpg,0,8
3599.jpg,2,13
3600.jpg,1,23
3601.jpg,2,33
3602.jpg,0,8
3603.jpg,2,77
3604.jpg,0,84
3605.jpg,2,83
3606.jpg,2,47
3607.jpg,1,0
3608.jpg,0,60
3609.jpg,2,33
3610.jpg,1,18
3611.jpg,1,7
3612.jpg,1,18
3613.jpg,0,16
3614.jpg,0,82
3615.jpg,2,72
3616.jpg,0,61
3617.jpg,1,38
3618.jpg,2,58
3619.jpg,1,49
3620.jpg,0,41
3621.jpg,2,39
3622.jpg,2,50
3623.jpg,1,46
3624.jpg,1,37
3625.jpg,1,63
3626.jpg,0,76
3627.jpg,1,10
3628.jpg,1,7
3629.jpg,0,76
3630.jpg,2,50
3631.jpg,2,62
3632.jpg,2,44
3633.jpg,2,67
3634.jpg,1,36
3635.jpg,1,31
3636.jpg,2,73
3637.jpg,0,4
3638.jpg,1,0
3639.jpg,0,27
3640.jpg,0,30
3641.jpg,1,12
3642.jpg,2,62
3643.jpg,2,83
3644.jpg,1,21
3645.jpg,1,25
3646.jpg,2,70
3647.jpg,2,13
3648.jpg,1,31
3649.jpg,1,78
3650.jpg,1,25
3651.jpg,1,63
3652.jpg,0,42
3653.jpg,1,31
3654.jpg,2,35
3655.jpg,1,55
3656.jpg,1,10
3657.jpg,1,23
3658.jpg,1,21
3659.jpg,2,47
3660.jpg,2,70
3661.jpg,0,76
3662.jpg,0,42
3663.jpg,1,23
3664.jpg,1,12
3665.jpg,1,80
3666.jpg,2,53
3667.jpg,2,69
3668.jpg,1,12
3669.jpg,1,65
3670.jpg,2,47
3671.jpg,1,66
3672.jpg,0,86
3673.jpg,0,24
3674.jpg,0,4
3675.jpg,2,75
3676.jpg,2,83
3677.jpg,0,60
3678.jpg,2,73
3679.jpg,0,28
3680.jpg,1,22
3681.jpg,2,77
3682.jpg,2,64
3683.jpg,1,36
3684.jpg,2,83
3685.jpg,0,88
3686.jpg,2,69
3687.jpg,0,27
3688.jpg,2,75
3689.jpg,2,13
3690.jpg,2,29
3691.jpg,2,69
3692.jpg,1,7
3693.jpg,0,40
3694.jpg,1,66
3695.jpg,1,2
3696.jpg,0,6
3697.jpg,2,53
3698.jpg,0,52
3699.jpg,1,31
3700.jpg,2,56
3701.jpg,0,28
3702.jpg,2,77
3703.jpg,2,64
3704.jpg,0,42
3705.jpg,2,75
3706.jpg,1,66
3707.jpg,1,21
3708.jpg,2,77
3709.jpg,2,48
3710.jpg,1,10
3711.jpg,2,29
3712.jpg,0,24
3713.jpg,1,65
3714.jpg,2,59
3715.jpg,1,49
3716.jpg,0,30
3717.jpg,2,70
3718.jpg,0,88
3719.jpg,1,2
3720.jpg,0,11
3721.jpg,0,24
3722.jpg,0,28
3723.jpg,1,49
3724.jpg,2,44
3725.jpg,1,55
3726.jpg,0,20
3727.jpg,1,0
3728.jpg,0,61
3729.jpg,2,33
3730.jpg,0,14
3731.jpg,1,25
3732.jpg,2,59
3733.jpg,1,49
3734.jpg,1,49
3735.jpg,0,8
3736.jpg,2,50
3737.jpg,0,26
3738.jpg,2,47
3739.jpg,2,62
3740.jpg,0,86
3741.jpg,1,21
3742.jpg,2,50
3743.jpg,0,74
3744.jpg,0,26
3745.jpg,2,67
3746.jpg,0,84
3747.jpg,0,4
3748.jpg,2,35
3749.jpg,2,64
3750.jpg,1,71
3751.jpg,2,70
3752.jpg,1,22
3753.jpg,1,66
3754.jpg,2,35
3755.jpg,1,21
3756.jpg,0,30
3757.jpg,2,48
3758.jpg,2,35
3759.jpg,1,87
3760.jpg,2,33
3761.jpg,0,74
3762.jpg,2,50
3763.jpg,2,70
3764.jpg,0,24
3765.jpg,1,54
3766.jpg,2,64
3767.jpg,2,34
3768.jpg,2,50
3769.jpg,0,88
3770.jpg,2,58
3771.jpg,0,41
3772.jpg,2,67
3773.jpg,2,51
3774.jpg,0,11
3775.jpg,2,62
3776.jpg,1,36
3777.jpg,2,77
3778.jpg,2,44
3779.jpg,0,4
3780.jpg,1,17
3781.jpg,0,85
3782.jpg,1,63
3783.jpg,2,64
3784.jpg,1,65
3785.jpg,0,19
3786.jpg,2,73
3787.jpg,2,77
3788.jpg,1,0
3789.jpg,0,4
3790.jpg,1,46
3791.jpg,2,70
3792.jpg,0,82
3793.jpg,0,81
3794.jpg,0,4
3795.jpg,0,42
3796.jpg,1,66
3797.jpg,0,24
3798.jpg,0,27
3799.jpg,0,30
3800.jpg,0,74
3801.jpg,0,26
3802.jpg,2,69
3803.jpg,0,81
3804.jpg,0,52
3805.jpg,2,43
3806.jpg,0,82
3807.jpg,1,49
3808.jpg,1,2
3809.jpg,2,59
3810.jpg,2,70
3811.jpg,2,69
3812.jpg,2,67
3813.jpg,0,86
3814.jpg,2,62
3815.jpg,2,59
3816.jpg,1,46
3817.jpg,2,68
3818.jpg,2,50
3819.jpg,1,36
3820.jpg,2,75
3821.jpg,0,5
3822.jpg,1,36
3823.jpg,0,5
3824.jpg,2,44
3825.jpg,1,18
3826.jpg,2,67
3827.jpg,1,21
3828.jpg,0,86
3829.jpg,2,73
3830.jpg,0,85
3831.jpg,1,80
3832.jpg,2,43
3833.jpg,0,6
3834.jpg,0,40
3835.jpg,1,78
3836.jpg,2,47
3837.jpg,1,17
3838.jpg,2,33
3839.jpg,0,6
3840.jpg,1,63
3841.jpg,0,8
3842.jpg,1,66
3843.jpg,0,61
3844.jpg,1,36
3845.jpg,1,66
3846.jpg,1,7
3847.jpg,1,46
3848.jpg,0,30
3849.jpg,0,88
3850.jpg,2,51
3851.jpg,2,44
3852.jpg,1,23
3853.jpg,1,49
3854.jpg,1,49
3855.jpg,1,66
3856.jpg,1,7
3857.jpg,1,46
3858.jpg,0,79
3859.jpg,0,42
3860.jpg,1,7
3861.jpg,0,41
3862.jpg,2,72
3863.jpg,1,31
3864.jpg,0,4
3865.jpg,1,46
3866.jpg,0,5
3867.jpg,2,73
3868.jpg,2,39
3869.jpg,2,53
3870.jpg,0,20
3871.jpg,0,81
3872.jpg,1,55
3873.jpg,2,67
3874.jpg,1,18
3875.jpg,2,1
3876.jpg,1,78
3877.jpg,2,47
3878.jpg,2,69
3879.jpg,2,68
3880.jpg,1,54
3881.jpg,2,72
3882.jpg,1,2
3883.jpg,1,12
3884.jpg,2,34
3885.jpg,1,12
3886.jpg,2,64
3887.jpg,1,37
3888.jpg,1,37
3889.jpg,2,43
3890.jpg,1,38
3891.jpg,2,35
3892.jpg,2,29
3893.jpg,2,1
3894.jpg,0,74
3895.jpg,2,75
3896.jpg,1,21
3897.jpg,2,83
3898.jpg,2,51
3899.jpg,2,56
3900.jpg,2,70
3901.jpg,0,41
3902.jpg,1,46
3903.jpg,1,46
3904.jpg,0,41
3905.jpg,2,83
3906.jpg,2,47
3907.jpg,0,79
3908.jpg,2,51
3909.jpg,1,37
3910.jpg,0,86
3911.jpg,1,36
3912.jpg,2,44
3913.jpg,1,22
3914.jpg,2,59
3915.jpg,1,80
3916.jpg,2,51
3917.jpg,2,1
3918.jpg,0,8
3919.jpg,1,46
3920.jpg,0,6
3921.jpg,1,63
3922.jpg,0,74
3923.jpg,0,8
3924.jpg,0,76
3925.jpg,0,52
3926.jpg,2,72
3927.jpg,2,83
3928.jpg,0,24
3929.jpg,2,59
3930.jpg,0,4
3931.jpg,2,43
3932.jpg,0,76
3933.jpg,2,73
3934.jpg,0,27
3935.jpg,0,85
3936.jpg,0,28
3937.jpg,2,48
3938.jpg,2,43
3939.jpg,1,38
3940.jpg,2,43
3941.jpg,2,58
3942.jpg,2,43
3943.jpg,0,74
3944.jpg,1,65
3945.jpg,2,58
3946.jpg,1,10
3947.jpg,0,41
3948.jpg,0,84
3949.jpg,0,76
3950.jpg,1,25
3951.jpg,1,22
3952.jpg,1,63
3953.jpg,0,8
3954.jpg,2,43
3955.jpg,2,39
3956.jpg,1,36
3957.jpg,0,74
3958.jpg,0,86
3959.jpg,0,28
3960.jpg,2,73
3961.jpg,0,24
3962.jpg,2,34
3963.jpg,1,45
3964.jpg,1,54
3965.jpg,0,76
3966.jpg,0,61
3967.jpg,1,54
3968.jpg,1,66
3969.jpg,2,33
3970.jpg,2,59
3971.jpg,1,54
3972.jpg,0,41
3973.jpg,0,8
3974.jpg,1,10
3975.jpg,0,41
3976.jpg,0,57
3977.jpg,0,11
3978.jpg,0,76
3979.jpg,1,12
3980.jpg,0,86
3981.jpg,1,54
3982.jpg,1,36
3983.jpg,2,67
3984.jpg,2,47
3985.jpg,2,77
3986.jpg,1,66
3987.jpg,0,81
3988.jpg,2,58
3989.jpg,0,74
3990.jpg,2,47
3991.jpg,2,73
3992.jpg,0,20
3993.jpg,2,3
3994.jpg,2,15
3995.jpg,1,18
3996.jpg,2,15
3997.jpg,1,10
3998.jpg,2,62
3999.jpg,1,23
4000.jpg,0,88
4001.jpg,1,17
4002.jpg,1,22
4003.jpg,0,28
4004.jpg,2,64
4005.jpg,2,43
4006.jpg,1,37
4007.jpg,2,56
4008.jpg,0,26
4009.jpg,0,76
4010.jpg,2,47
4011.jpg,0,61
4012.jpg,2,75
4013.jpg,0,57
4014.jpg,2,62
4015.jpg,1,38
4016.jpg,0,24
4017.jpg,2,34
4018.jpg,0,86
4019.jpg,2,56
4020.jpg,2,33
4021.jpg,1,65
4022.jpg,0,88
4023.jpg,1,2
4024.jpg,0,41
4025.jpg,2,3
4026.jpg,2,35
4027.jpg,0,8
4028.jpg,2,50
4029.jpg,2,70
4030.jpg,2,59
4031.jpg,2,35
4032.jpg,0,41
4033.jpg,1,31
4034.jpg,1,0
4035.jpg,1,10
4036.jpg,1,21
4037.jpg,2,56
4038.jpg,1,71
4039.jpg,1,9
4040.jpg,0,5
4041.jpg,0,8
4042.jpg,2,73
4043.jpg,2,73
4044.jpg,2,53
4045.jpg,1,25
4046.jpg,2,29
4047.jpg,0,14
4048.jpg,0,86
4049.jpg,1,65
4050.jpg,1,54
4051.jpg,2,53
4052.jpg,1,71
4053.jpg,1,54
4054.jpg,1,36
4055.jpg,1,63
4056.jpg,0,6
4057.jpg,2,51
4058.jpg,0,30
4059.jpg,2,39
4060.jpg,1,36
4061.jpg,2,47
4062.jpg,2,51
4063.jpg,2,35
4064.jpg,2,77
4065.jpg,1,0
4066.jpg,1,18
4067.jpg,1,63
4068.jpg,0,86
4069.jpg,2,83
4070.jpg,2,1
4071.jpg,2,34
4072.jpg,0,60
4073.jpg,2,47
4074.jpg,1,31
4075.jpg,1,9
4076.jpg,0,85
4077.jpg,1,54
4078.jpg,0,28
4079.jpg,0,6
4080.jpg,1,0
4081.jpg,2,35
4082.jpg,1,25
4083.jpg,0,11
4084.jpg,2,56
4085.jpg,2,72
4086.jpg,1,18
4087.jpg,1,32
4088.jpg,1,9
4089.jpg,2,72
4090.jpg,2,44
4091.jpg,2,15
4092.jpg,2,77
4093.jpg,1,10
4094.jpg,2,70
4095.jpg,1,25
4096.jpg,0,11
4097.jpg,0,41
4098.jpg,0,88
4099.jpg,1,2
4100.jpg,2,43
4101.jpg,1,7
4102.jpg,2,47
4103.jpg,0,4
4104.jpg,2,53
4105.jpg,0,57
4106.jpg,1,66
4107.jpg,0,27
4108.jpg,0,88
4109.jpg,1,55
4110.jpg,0,28
4111.jpg,1,22
4112.jpg,0,79
4113.jpg,2,72
4114.jpg,1,65
4115.jpg,0,86
4116.jpg,0,4
4117.jpg,1,49
4118.jpg,2,73
4119.jpg,0,84
4120.jpg,1,31
4121.jpg,1,65
4122.jpg,0,86
4123.jpg,1,65
4124.jpg,0,88
4125.jpg,1,65
4126.jpg,0,27
4127.jpg,2,3
4128.jpg,2,35
4129.jpg,1,23
4130.jpg,2,53
4131.jpg,1,65
4132.jpg,2,50
4133.jpg,1,2
4134.jpg,2,73
4135.jpg,0,81
4136.jpg,0,16
4137.jpg,2,29
4138.jpg,0,19
4139.jpg,1,46
4140.jpg,0,74
4141.jpg,2,15
4142.jpg,2,53
4143.jpg,2,56
4144.jpg,2,70
4145.jpg,0,76
4146.jpg,2,58
4147.jpg,0,16
4148.jpg,2,77
4149.jpg,2,83
4150.jpg,1,10
4151.jpg,0,57
4152.jpg,2,53
4153.jpg,1,2
4154.jpg,1,46
4155.jpg,1,87
4156.jpg,1,21
4157.jpg,2,56
4158.jpg,1,36
4159.jpg,1,18
4160.jpg,0,20
4161.jpg,2,3
4162.jpg,1,38
4163.jpg,2,33
4164.jpg,2,50
4165.jpg,2,67
4166.jpg,2,58
4167.jpg,1,37
4168.jpg,2,51
4169.jpg,0,20
4170.jpg,2,58
4171.jpg,0,26
4172.jpg,2,33
4173.jpg,2,47
4174.jpg,2,34
4175.jpg,1,80
4176.jpg,1,46
4177.jpg,0,40
4178.jpg,1,37
4179.jpg,0,20
4180.jpg,2,50
4181.jpg,0,74
4182.jpg,0,4
4183.jpg,1,65
4184.jpg,1,22
4185.jpg,1,22
4186.jpg,2,43
4187.jpg,0,81
4188.jpg,2,44
4189.jpg,2,29
4190.jpg,1,17
4191.jpg,0,5
4192.jpg,0,76
4193.jpg,0,57
4194.jpg,0,40
4195.jpg,0,79
4196.jpg,1,9
4197.jpg,2,50
4198.jpg,1,49
4199.jpg,1,22
4200.jpg,2,59
4201.jpg,1,18
4202.jpg,1,37
4203.jpg,1,54
4204.jpg,2,58
4205.jpg,2,56
4206.jpg,1,12
4207.jpg,1,38
4208.jpg,1,37
4209.jpg,2,69
4210.jpg,0,61
4211.jpg,1,65
4212.jpg,0,20
4213.jpg,2,59
4214.jpg,1,38
4215.jpg,0,88
4216.jpg,1,63
4217.jpg,1,22
4218.jpg,0,24
4219.jpg,2,67
4220.jpg,1,12
4221.jpg,0,24
4222.jpg,0,30
4223.jpg,1,87
4224.jpg,1,55
4225.jpg,1,23
4226.jpg,1,66
4227.jpg,2,83
4228.jpg,2,44
4229.jpg,1,21
4230.jpg,1,65
4231.jpg,2,77
4232.jpg,2,39
4233.jpg,1,78
4234.jpg,0,14
4235.jpg,0,20
4236.jpg,1,7
4237.jpg,1,22
4238.jpg,1,32
4239.jpg,2,51
4240.jpg,0,85
4241.jpg,0,19
4242.jpg,0,76
4243.jpg,1,55
4244.jpg,0,26
4245.jpg,0,14
4246.jpg,0,6
4247.jpg,2,1
4248.jpg,2,13
4249.jpg,1,49
4250.jpg,2,47
4251.jpg,0,41
4252.jpg,0,27
4253.jpg,2,1
4254.jpg,1,63
4255.jpg,1,7
4256.jpg,2,13
4257.jpg,2,70
4258.jpg,2,3
4259.jpg,1,49
4260.jpg,2,67
4261.jpg,1,21
4262.jpg,2,58
4263.jpg,0,14
4264.jpg,1,38
4265.jpg,2,73
4266.jpg,0,84
4267.jpg,0,26
4268.jpg,1,71
4269.jpg,2,1
4270.jpg,0,27
4271.jpg,0,86
4272.jpg,0,40
4273.jpg,0,4
4274.jpg,0,30
4275.jpg,2,68
4276.jpg,0,16
4277.jpg,1,36
4278.jpg,2,35
4279.jpg,1,38
4280.jpg,0,85
4281.jpg,1,49
4282.jpg,0,40
4283.jpg,1,0
4284.jpg,1,38
4285.jpg,1,7
4286.jpg,0,8
4287.jpg,2,75
4288.jpg,0,26
4289.jpg,2,3
4290.jpg,1,22
4291.jpg,2,75
4292.jpg,0,14
4293.jpg,1,21
4294.jpg,1,49
4295.jpg,1,21
4296.jpg,0,79
4297.jpg,1,36
4298.jpg,2,35
4299.jpg,2,73
4300.jpg,1,80
4301.jpg,1,25
4302.jpg,1,55
4303.jpg,1,21
4304.jpg,1,87
4305.jpg,1,65
4306.jpg,1,80
4307.jpg,1,12
4308.jpg,2,47
4309.jpg,2,83
4310.jpg,2,67
4311.jpg,2,13
4312.jpg,1,21
4313.jpg,1,45
4314.jpg,2,59
4315.jpg,1,31
4316.jpg,2,1
4317.jpg,0,6
4318.jpg,2,51
4319.jpg,1,55
4320.jpg,1,66
4321.jpg,1,10
4322.jpg,0,28
4323.jpg,2,64
4324.jpg,1,7
4325.jpg,1,37
4326.jpg,2,15
4327.jpg,2,70
4328.jpg,1,7
4329.jpg,2,3
4330.jpg,1,49
4331.jpg,0,30
4332.jpg,1,63
4333.jpg,0,84
4334.jpg,2,1
4335.jpg,1,7
4336.jpg,1,17
4337.jpg,2,50
4338.jpg,1,32
4339.jpg,2,51
4340.jpg,0,61
4341.jpg,2,48
4342.jpg,2,50
4343.jpg,2,77
4344.jpg,2,70
4345.jpg,0,6
4346.jpg,2,64
4347.jpg,2,58
4348.jpg,0,88
4349.jpg,2,43
4350.jpg,0,79
4351.jpg,1,23
4352.jpg,1,21
4353.jpg,1,17
4354.jpg,0,88
4355.jpg,2,67
4356.jpg,1,18
4357.jpg,2,67
4358.jpg,0,76
4359.jpg,1,2
4360.jpg,2,56
4361.jpg,2,83
4362.jpg,0,86
4363.jpg,1,49
4364.jpg,1,21
4365.jpg,2,48
4366.jpg,1,66
4367.jpg,2,62
4368.jpg,1,12
4369.jpg,2,70
4370.jpg,0,40
4371.jpg,0,11
4372.jpg,1,31
4373.jpg,2,58
4374.jpg,2,69
4375.jpg,1,65
4376.jpg,0,19
4377.jpg,1,71
4378.jpg,1,23
4379.jpg,2,15
4380.jpg,2,72
4381.jpg,1,66
4382.jpg,2,50
4383.jpg,2,1
4384.jpg,1,31
4385.jpg,2,72
4386.jpg,2,44
4387.jpg,1,21
4388.jpg,0,16
4389.jpg,2,70
4390.jpg,0,27
4391.jpg,2,67
4392.jpg,1,36
4393.jpg,1,18
4394.jpg,0,28
4395.jpg,0,26
4396.jpg,2,58
4397.jpg,2,53
4398.jpg,1,46
4399.jpg,2,34
4400.jpg,0,61
4401.jpg,0,24
4402.jpg,0,88
4403.jpg,2,13
4404.jpg,0,85
4405.jpg,2,44
4406.jpg,2,50
4407.jpg,0,88
4408.jpg,2,34
4409.jpg,1,23
4410.jpg,2,29
4411.jpg,1,63
4412.jpg,1,31
4413.jpg,2,77
4414.jpg,2,35
4415.jpg,2,75
4416.jpg,2,51
4417.jpg,0,81
4418.jpg,1,66
4419.jpg,1,46
4420.jpg,2,67
4421.jpg,2,56
4422.jpg,2,72
4423.jpg,1,37
4424.jpg,0,30
4425.jpg,1,46
4426.jpg,0,4
4427.jpg,2,75
4428.jpg,2,72
4429.jpg,0,88
4430.jpg,2,29
4431.jpg,1,65
4432.jpg,1,46
4433.jpg,0,6
4434.jpg,0,60
4435.jpg,2,68
4436.jpg,2,29
4437.jpg,2,29
4438.jpg,0,42
4439.jpg,1,66
4440.jpg,2,62
4441.jpg,1,17
4442.jpg,0,52
4443.jpg,0,76
4444.jpg,1,80
4445.jpg,2,53
4446.jpg,2,58
4447.jpg,1,55
4448.jpg,2,50
4449.jpg,1,32
4450.jpg,2,64
4451.jpg,2,68
4452.jpg,0,6
4453.jpg,1,7
4454.jpg,2,73
4455.jpg,0,41
4456.jpg,1,38
4457.jpg,2,33
4458.jpg,0,4
4459.jpg,2,58
4460.jpg,2,50
4461.jpg,0,85
4462.jpg,2,83
4463.jpg,0,76
4464.jpg,1,18
4465.jpg,2,68
4466.jpg,2,29
4467.jpg,1,32
4468.jpg,2,44
4469.jpg,2,56
4470.jpg,1,10
4471.jpg,0,79
4472.jpg,0,27
4473.jpg,1,71
4474.jpg,2,51
4475.jpg,2,47
4476.jpg,2,15
4477.jpg,1,71
4478.jpg,2,58
4479.jpg,1,65
4480.jpg,0,84
4481.jpg,0,14
4482.jpg,2,68
4483.jpg,1,54
4484.jpg,1,38
4485.jpg,2,50
4486.jpg,0,79
4487.jpg,0,81
4488.jpg,1,31
4489.jpg,1,21
4490.jpg,1,55
4491.jpg,2,13
4492.jpg,2,58
4493.jpg,0,79
4494.jpg,0,85
4495.jpg,1,18
4496.jpg,1,18
4497.jpg,1,2
4498.jpg,2,3
4499.jpg,1,45
4500.jpg,1,54
4501.jpg,1,65
4502.jpg,2,59
4503.jpg,1,18
4504.jpg,2,51
4505.jpg,2,29
4506.jpg,2,34
4507.jpg,0,52
4508.jpg,1,25
4509.jpg,0,28
4510.jpg,0,40
4511.jpg,0,27
4512.jpg,2,33
4513.jpg,2,44
4514.jpg,0,86
4515.jpg,2,13
4516.jpg,2,59
4517.jpg,2,47
4518.jpg,2,58
4519.jpg,1,23
4520.jpg,0,20
4521.jpg,2,51
4522.jpg,2,29
4523.jpg,2,47
4524.jpg,1,71
4525.jpg,1,54
4526.jpg,1,63
4527.jpg,2,13
4528.jpg,2,3
4529.jpg,1,21
4530.jpg,0,61
4531.jpg,2,67
4532.jpg,2,51
4533.jpg,0,40
4534.jpg,0,30
4535.jpg,0,30
4536.jpg,2,44
4537.jpg,2,53
4538.jpg,0,84
4539.jpg,0,26
4540.jpg,0,26
4541.jpg,1,49
4542.jpg,1,32
4543.jpg,1,17
4544.jpg,2,58
4545.jpg,0,86
4546.jpg,1,66
4547.jpg,1,65
4548.jpg,2,70
4549.jpg,0,16
4550.jpg,2,58
4551.jpg,1,22
4552.jpg,0,86
4553.jpg,1,12
4554.jpg,0,8
4555.jpg,2,29
4556.jpg,2,83
4557.jpg,0,20
4558.jpg,2,77
4559.jpg,1,63
4560.jpg,2,59
4561.jpg,0,14
4562.jpg,2,44
4563.jpg,2,83
4564.jpg,1,80
4565.jpg,2,35
4566.jpg,1,63
4567.jpg,2,39
4568.jpg,1,31
4569.jpg,2,73
4570.jpg,2,68
4571.jpg,0,4
4572.jpg,1,49
4573.jpg,1,12
4574.jpg,2,64
4575.jpg,0,4
4576.jpg,2,70
4577.jpg,0,4
4578.jpg,2,47
4579.jpg,1,23
4580.jpg,0,11
4581.jpg,1,36
4582.jpg,1,71
4583.jpg,2,33
4584.jpg,2,39
4585.jpg,1,46
4586.jpg,2,51
4587.jpg,2,43
4588.jpg,2,29
4589.jpg,0,42
4590.jpg,2,67
4591.jpg,1,87
4592.jpg,2,15
4593.jpg,0,4
4594.jpg,2,77
4595.jpg,2,53
4596.jpg,1,80
4597.jpg,2,69
4598.jpg,0,27
4599.jpg,1,63
4600.jpg,1,46
4601.jpg,1,7
4602.jpg,1,2
4603.jpg,0,5
4604.jpg,0,76
4605.jpg,2,73
4606.jpg,2,47
4607.jpg,1,36
4608.jpg,2,44
4609.jpg,0,79
4610.jpg,1,0
4611.jpg,0,28
4612.jpg,0,27
4613.jpg,2,35
4614.jpg,0,4
4615.jpg,0,5
4616.jpg,1,63
4617.jpg,2,77
4618.jpg,0,81
4619.jpg,1,0
4620.jpg,2,68
4621.jpg,1,63
4622.jpg,0,40
4623.jpg,1,9
4624.jpg,2,64
4625.jpg,2,13
4626.jpg,1,22
4627.jpg,1,0
4628.jpg,2,50
4629.jpg,0,26
4630.jpg,1,36
4631.jpg,2,53
4632.jpg,2,72
4633.jpg,1,2
4634.jpg,2,50
4635.jpg,2,51
4636.jpg,0,30
4637.jpg,1,23
4638.jpg,2,51
4639.jpg,1,7
4640.jpg,2,15
4641.jpg,0,41
4642.jpg,1,25
4643.jpg,2,83
4644.jpg,2,64
4645.jpg,1,45
4646.jpg,0,52
4647.jpg,1,63
4648.jpg,2,1
4649.jpg,2,64
4650.jpg,2,43
4651.jpg,2,13
4652.jpg,0,30
4653.jpg,0,16
4654.jpg,0,8
4655.jpg,2,69
4656.jpg,2,68
4657.jpg,2,3
4658.jpg,1,49
4659.jpg,2,62
4660.jpg,1,9
4661.jpg,2,47
4662.jpg,1,23
4663.jpg,1,45
4664.jpg,2,70
4665.jpg,1,23
4666.jpg,0,30
4667.jpg,1,23
4668.jpg,2,29
4669.jpg,1,23
4670.jpg,0,8
4671.jpg,2,62
4672.jpg,0,86
4673.jpg,1,22
4674.jpg,1,78
4675.jpg,2,44
4676.jpg,1,37
4677.jpg,0,81
4678.jpg,0,27
4679.jpg,0,86
4680.jpg,2,58
4681.jpg,1,38
4682.jpg,1,31
4683.jpg,1,31
4684.jpg,2,83
4685.jpg,2,56
4686.jpg,1,22
4687.jpg,1,63
4688.jpg,0,5
4689.jpg,0,52
4690.jpg,1,7
4691.jpg,0,60
4692.jpg,0,6
4693.jpg,0,40
4694.jpg,0,16
4695.jpg,0,30
4696.jpg,1,49
4697.jpg,0,14
4698.jpg,1,80
4699.jpg,2,35
4700.jpg,0,14
4701.jpg,2,72
4702.jpg,1,55
4703.jpg,2,59
4704.jpg,2,51
4705.jpg,0,61
4706.jpg,1,31
4707.jpg,0,24
4708.jpg,1,17
4709.jpg,1,38
4710.jpg,2,69
4711.jpg,1,55
4712.jpg,0,14
4713.jpg,0,14
4714.jpg,2,35
4715.jpg,1,63
4716.jpg,1,36
4717.jpg,1,22
4718.jpg,0,74
4719.jpg,2,47
4720.jpg,2,53
4721.jpg,1,38
4722.jpg,2,50
4723.jpg,2,59
4724.jpg,0,27
4725.jpg,2,59
4726.jpg,0,24
4727.jpg,0,86
4728.jpg,1,80
4729.jpg,0,5
4730.jpg,2,70
4731.jpg,2,3
4732.jpg,2,43
4733.jpg,0,27
4734.jpg,0,28
4735.jpg,2,70
4736.jpg,2,1
4737.jpg,1,22
4738.jpg,0,4
4739.jpg,2,53
4740.jpg,1,31
4741.jpg,2,43
4742.jpg,0,27
4743.jpg,2,29
4744.jpg,0,74
4745.jpg,0,4
4746.jpg,1,66
4747.jpg,2,59
4748.jpg,1,9
4749.jpg,0,4
4750.jpg,2,33
4751.jpg,1,46
4752.jpg,1,45
4753.jpg,1,71
4754.jpg,0,20
4755.jpg,2,77
4756.jpg,0,41
4757.jpg,2,53
4758.jpg,2,58
4759.jpg,1,63
4760.jpg,1,32
4761.jpg,2,59
4762.jpg,2,75
4763.jpg,2,44
4764.jpg,0,5
4765.jpg,2,35
4766.jpg,2,39
4767.jpg,0,81
4768.jpg,0,52
4769.jpg,0,52
4770.jpg,1,10
4771.jpg,2,64
4772.jpg,2,58
4773.jpg,2,15
4774.jpg,2,50
4775.jpg,0,76
4776.jpg,1,45
4777.jpg,0,6
4778.jpg,0,6
4779.jpg,2,72
4780.jpg,2,43
4781.jpg,0,16
4782.jpg,2,72
4783.jpg,1,7
4784.jpg,1,54
4785.jpg,0,16
4786.jpg,2,51
4787.jpg,2,72
4788.jpg,0,74
4789.jpg,1,12
4790.jpg,0,14
4791.jpg,1,9
4792.jpg,2,53
4793.jpg,1,54
4794.jpg,2,44
4795.jpg,0,20
4796.jpg,2,39
4797.jpg,2,62
4798.jpg,2,59
4799.jpg,1,49
4800.jpg,2,33
4801.jpg,2,53
4802.jpg,2,15
4803.jpg,2,70
4804.jpg,2,39
4805.jpg,2,15
4806.jpg,1,2
4807.jpg,1,87
4808.jpg,2,67
4809.jpg,1,25
4810.jpg,1,63
4811.jpg,0,24
4812.jpg,2,51
4813.jpg,2,44
4814.jpg,2,34
4815.jpg,0,28
4816.jpg,0,76
4817.jpg,2,35
4818.jpg,2,3
4819.jpg,1,22
4820.jpg,2,75
4821.jpg,2,47
4822.jpg,1,87
4823.jpg,0,30
4824.jpg,2,34
4825.jpg,1,65
4826.jpg,0,84
4827.jpg,2,77
4828.jpg,0,4
4829.jpg,2,83
4830.jpg,1,21
4831.jpg,2,75
4832.jpg,0,57
4833.jpg,0,86
4834.jpg,2,68
4835.jpg,1,7
4836.jpg,1,49
4837.jpg,1,18
4838.jpg,2,47
4839.jpg,2,50
4840.jpg,2,1
4841.jpg,1,46
4842.jpg,0,4
4843.jpg,2,43
4844.jpg,0,40
4845.jpg,1,31
4846.jpg,2,47
4847.jpg,2,47
4848.jpg,0,27
4849.jpg,2,1
4850.jpg,2,1
4851.jpg,1,49
4852.jpg,2,35
4853.jpg,1,71
4854.jpg,0,8
4855.jpg,2,35
4856.jpg,2,77
4857.jpg,1,87
4858.jpg,0,30
4859.jpg,1,66
4860.jpg,0,42
4861.jpg,1,45
4862.jpg,1,22
4863.jpg,1,45
4864.jpg,2,53
4865.jpg,1,46
4866.jpg,2,39
4867.jpg,1,31
4868.jpg,2,58
4869.jpg,2,50
4870.jpg,2,47
4871.jpg,2,58
4872.jpg,2,48
4873.jpg,1,23
4874.jpg,0,88
4875.jpg,2,72
4876.jpg,0,86
4877.jpg,1,37
4878.jpg,2,69
4879.jpg,0,24
4880.jpg,0,76
4881.jpg,1,21
4882.jpg,0,20
4883.jpg,0,20
4884.jpg,0,61
4885.jpg,0,42
4886.jpg,2,53
4887.jpg,2,62
4888.jpg,1,36
4889.jpg,1,80
4890.jpg,1,46
4891.jpg,2,77
4892.jpg,1,66
4893.jpg,1,18
4894.jpg,1,71
4895.jpg,2,1
4896.jpg,1,12
4897.jpg,1,66
4898.jpg,2,44
4899.jpg,2,34
4900.jpg,2,62
4901.jpg,2,39
4902.jpg,2,47
4903.jpg,0,28
4904.jpg,2,73
4905.jpg,2,77
4906.jpg,2,75
4907.jpg,1,54
4908.jpg,0,82
4909.jpg,2,83
4910.jpg,1,2
4911.jpg,0,4
4912.jpg,2,50
4913.jpg,0,84
4914.jpg,0,76
4915.jpg,1,87
4916.jpg,2,3
4917.jpg,1,17
4918.jpg,1,71
4919.jpg,1,17
4920.jpg,0,86
4921.jpg,0,8
4922.jpg,1,31
4923.jpg,1,63
4924.jpg,0,30
4925.jpg,2,51
4926.jpg,0,5
4927.jpg,0,40
4928.jpg,2,69
4929.jpg,0,57
4930.jpg,0,14
4931.jpg,1,36
4932.jpg,2,35
4933.jpg,2,13
4934.jpg,1,46
4935.jpg,1,32
4936.jpg,0,19
4937.jpg,1,23
4938.jpg,0,4
4939.jpg,2,70
4940.jpg,1,55
4941.jpg,0,24
4942.jpg,1,71
4943.jpg,2,33
4944.jpg,2,73
4945.jpg,0,81
4946.jpg,0,60
4947.jpg,0,82
4948.jpg,2,47
4949.jpg,1,0
4950.jpg,1,17
4951.jpg,1,25
4952.jpg,0,57
4953.jpg,2,68
4954.jpg,1,46
4955.jpg,2,15
4956.jpg,2,77
4957.jpg,1,45
4958.jpg,2,68
4959.jpg,2,59
4960.jpg,1,31
4961.jpg,2,47
4962.jpg,2,1
4963.jpg,0,79
4964.jpg,0,85
4965.jpg,0,28
4966.jpg,1,38
4967.jpg,2,35
4968.jpg,2,15
4969.jpg,0,11
4970.jpg,0,76
4971.jpg,1,7
4972.jpg,2,48
4973.jpg,0,4
4974.jpg,1,12
4975.jpg,1,49
4976.jpg,0,27
4977.jpg,2,35
4978.jpg,1,63
4979.jpg,1,21
4980.jpg,2,29
4981.jpg,2,62
4982.jpg,2,59
4983.jpg,1,36
4984.jpg,2,1
4985.jpg,1,18
4986.jpg,2,53
4987.jpg,0,79
4988.jpg,1,0
4989.jpg,0,28
4990.jpg,1,7
4991.jpg,0,24
4992.jpg,1,17
4993.jpg,2,33
4994.jpg,1,25
4995.jpg,0,30
4996.jpg,0,24
4997.jpg,0,27
4998.jpg,2,48
4999.jpg,1,31
5000.jpg,0,30
5001.jpg,1,23
5002.jpg,1,9
5003.jpg,0,60
5004.jpg,2,75
5005.jpg,2,47
5006.jpg,2,77
5007.jpg,1,71
5008.jpg,1,23
5009.jpg,1,22
5010.jpg,0,4
5011.jpg,2,53
5012.jpg,0,79
5013.jpg,2,56
5014.jpg,1,49
5015.jpg,1,63
5016.jpg,2,72
5017.jpg,2,3
5018.jpg,1,65
5019.jpg,1,31
5020.jpg,2,62
5021.jpg,1,54
5022.jpg,0,6
5023.jpg,2,72
5024.jpg,2,58
5025.jpg,0,26
5026.jpg,1,78
5027.jpg,1,22
5028.jpg,0,24
5029.jpg,2,64
5030.jpg,1,37
5031.jpg,2,50
5032.jpg,2,29
5033.jpg,1,36
5034.jpg,2,33
5035.jpg,1,65
5036.jpg,0,11
5037.jpg,0,24
5038.jpg,0,27
5039.jpg,0,52
5040.jpg,2,77
5041.jpg,2,64
5042.jpg,2,67
5043.jpg,1,7
5044.jpg,2,3
5045.jpg,2,29
5046.jpg,2,43
5047.jpg,0,85
5048.jpg,0,30
5049.jpg,1,36
5050.jpg,0,76
5051.jpg,2,67
5052.jpg,0,57
5053.jpg,0,86
5054.jpg,0,30
5055.jpg,0,27
5056.jpg,0,41
5057.jpg,2,72
5058.jpg,2,77
5059.jpg,0,76
5060.jpg,0,24
5061.jpg,2,62
5062.jpg,2,1
5063.jpg,2,77
5064.jpg,1,25
5065.jpg,0,24
5066.jpg,2,62
5067.jpg,0,14
5068.jpg,1,63
5069.jpg,1,18
5070.jpg,0,60
5071.jpg,2,29
5072.jpg,1,32
5073.jpg,2,51
5074.jpg,0,85
5075.jpg,2,43
5076.jpg,2,44
5077.jpg,0,76
5078.jpg,1,66
5079.jpg,2,77
5080.jpg,0,6
5081.jpg,0,11
5082.jpg,1,7
5083.jpg,0,82
5084.jpg,1,18
5085.jpg,1,63
5086.jpg,2,33
5087.jpg,0,74
5088.jpg,0,6
5089.jpg,2,68
5090.jpg,1,21
5091.jpg,0,26
5092.jpg,1,21
5093.jpg,1,38
5094.jpg,0,76
5095.jpg,1,17
5096.jpg,0,30
5097.jpg,1,46
5098.jpg,1,37
5099.jpg,2,43
5100.jpg,2,47
5101.jpg,1,38
5102.jpg,2,77
5103.jpg,2,73
5104.jpg,2,67
5105.jpg,1,18
5106.jpg,0,6
5107.jpg,0,6
5108.jpg,1,23
5109.jpg,0,84
5110.jpg,2,72
5111.jpg,0,86
5112.jpg,0,76
5113.jpg,1,32
5114.jpg,1,7
5115.jpg,2,15
5116.jpg,1,55
5117.jpg,0,85
5118.jpg,1,12
5119.jpg,0,79
5120.jpg,2,1
5121.jpg,1,21
5122.jpg,2,77
5123.jpg,2,70
5124.jpg,0,61
5125.jpg,1,38
5126.jpg,2,83
5127.jpg,0,30
5128.jpg,2,34
5129.jpg,1,31
5130.jpg,2,83
5131.jpg,0,74
5132.jpg,0,86
5133.jpg,0,8
5134.jpg,2,15
5135.jpg,2,58
5136.jpg,2,62
5137.jpg,2,43
5138.jpg,1,87
5139.jpg,1,66
5140.jpg,2,47
5141.jpg,1,65
5142.jpg,1,78
5143.jpg,1,0
5144.jpg,1,65
5145.jpg,2,73
5146.jpg,0,19
5147.jpg,0,4
5148.jpg,2,69
5149.jpg,2,69
5150.jpg,2,59
5151.jpg,2,73
5152.jpg,1,37
5153.jpg,2,67
5154.jpg,1,37
5155.jpg,1,63
5156.jpg,1,17
5157.jpg,0,8
5158.jpg,1,0
5159.jpg,2,70
5160.jpg,1,80
5161.jpg,1,18
5162.jpg,1,17
5163.jpg,0,6
5164.jpg,2,34
5165.jpg,0,85
5166.jpg,2,68
5167.jpg,0,4
5168.jpg,0,28
5169.jpg,2,64
5170.jpg,2,1
5171.jpg,2,62
5172.jpg,0,85
5173.jpg,0,79
5174.jpg,0,20
5175.jpg,2,53
5176.jpg,1,37
5177.jpg,0,41
5178.jpg,1,65
5179.jpg,2,3
5180.jpg,2,47
5181.jpg,0,11
5182.jpg,2,35
5183.jpg,0,81
5184.jpg,0,79
5185.jpg,1,78
5186.jpg,1,23
5187.jpg,1,18
5188.jpg,0,42
5189.jpg,1,32
5190.jpg,1,87
5191.jpg,1,7
5192.jpg,2,58
5193.jpg,0,5
5194.jpg,1,32
5195.jpg,2,77
5196.jpg,0,27
5197.jpg,0,27
5198.jpg,1,49
5199.jpg,2,1
5200.jpg,2,72
5201.jpg,2,50
5202.jpg,2,72
5203.jpg,2,1
5204.jpg,1,32
5205.jpg,1,66
5206.jpg,0,52
5207.jpg,0,79
5208.jpg,2,64
5209.jpg,2,43
5210.jpg,2,1
5211.jpg,1,32
5212.jpg,0,30
5213.jpg,0,11
5214.jpg,1,17
5215.jpg,0,28
5216.jpg,1,63
5217.jpg,1,22
5218.jpg,2,58
5219.jpg,0,4
5220.jpg,2,67
5221.jpg,0,76
5222.jpg,2,51
5223.jpg,1,80
5224.jpg,0,76
5225.jpg,1,9
5226.jpg,0,57
5227.jpg,2,48
5228.jpg,0,88
5229.jpg,0,6
5230.jpg,1,21
5231.jpg,2,59
5232.jpg,0,42
5233.jpg,1,71
5234.jpg,1,87
5235.jpg,2,48
5236.jpg,1,22
5237.jpg,2,73
5238.jpg,0,42
5239.jpg,0,86
5240.jpg,2,44
5241.jpg,0,52
5242.jpg,2,1
5243.jpg,2,59
5244.jpg,2,1
5245.jpg,1,45
5246.jpg,0,60
5247.jpg,2,62
5248.jpg,1,32
5249.jpg,1,17
5250.jpg,1,32
5251.jpg,1,32
5252.jpg,2,1
5253.jpg,0,14
5254.jpg,0,76
5255.jpg,2,47
5256.jpg,0,42
5257.jpg,2,67
5258.jpg,2,62
5259.jpg,2,1
5260.jpg,0,74
5261.jpg,0,86
5262.jpg,2,62
5263.jpg,0,5
5264.jpg,2,35
5265.jpg,0,27
5266.jpg,1,2
5267.jpg,2,58
5268.jpg,2,51
5269.jpg,0,14
5270.jpg,1,63
5271.jpg,1,17
5272.jpg,1,31
5273.jpg,1,31
5274.jpg,2,29
5275.jpg,1,36
5276.jpg,0,16
5277.jpg,2,59
5278.jpg,2,56
5279.jpg,1,23
5280.jpg,2,35
5281.jpg,0,27
5282.jpg,2,53
5283.jpg,2,39
5284.jpg,1,37
5285.jpg,2,70
5286.jpg,2,72
5287.jpg,0,76
5288.jpg,2,56
5289.jpg,2,67
5290.jpg,0,28
5291.jpg,0,27
5292.jpg,2,35
5293.jpg,1,22
5294.jpg,0,14
5295.jpg,2,75
5296.jpg,2,72
5297.jpg,2,48
5298.jpg,2,83
5299.jpg,1,55
5300.jpg,0,61
5301.jpg,2,43
5302.jpg,2,13
5303.jpg,0,41
5304.jpg,1,25
5305.jpg,2,73
5306.jpg,2,34
5307.jpg,2,47
5308.jpg,2,48
5309.jpg,0,76
5310.jpg,0,5
5311.jpg,2,77
5312.jpg,2,72
5313.jpg,0,16
5314.jpg,2,53
5315.jpg,2,56
5316.jpg,0,61
5317.jpg,0,20
5318.jpg,2,83
5319.jpg,2,34
5320.jpg,1,55
5321.jpg,1,66
5322.jpg,0,20
5323.jpg,1,37
5324.jpg,2,64
5325.jpg,0,88
5326.jpg,2,51
5327.jpg,2,72
5328.jpg,0,24
5329.jpg,2,56
5330.jpg,0,5
5331.jpg,1,71
5332.jpg,0,16
5333.jpg,2,75
5334.jpg,2,47
5335.jpg,1,31
5336.jpg,2,83
5337.jpg,0,14
5338.jpg,2,73
5339.jpg,0,57
5340.jpg,0,79
5341.jpg,2,34
5342.jpg,2,73
5343.jpg,1,65
5344.jpg,0,42
5345.jpg,1,63
5346.jpg,0,11
5347.jpg,2,62
5348.jpg,1,7
5349.jpg,1,46
5350.jpg,2,3
5351.jpg,2,15
5352.jpg,1,71
5353.jpg,2,70
5354.jpg,2,70
5355.jpg,0,82
5356.jpg,2,53
5357.jpg,0,4
5358.jpg,2,68
5359.jpg,2,72
5360.jpg,0,84
5361.jpg,1,25
5362.jpg,0,60
5363.jpg,0,60
5364.jpg,0,76
5365.jpg,2,44
5366.jpg,0,28
5367.jpg,2,1
5368.jpg,2,68
5369.jpg,0,28
5370.jpg,2,67
5371.jpg,2,1
5372.jpg,2,13
5373.jpg,2,1
5374.jpg,1,22
5375.jpg,1,18
5376.jpg,0,6
5377.jpg,0,79
5378.jpg,2,67
5379.jpg,0,74
5380.jpg,0,74
5381.jpg,1,87
5382.jpg,1,87
5383.jpg,2,1
5384.jpg,1,87
5385.jpg,0,14
5386.jpg,0,19
5387.jpg,0,28
5388.jpg,1,25
5389.jpg,2,29
5390.jpg,0,81
5391.jpg,1,55
5392.jpg,1,21
5393.jpg,1,31
5394.jpg,2,77
5395.jpg,0,85
5396.jpg,0,28
5397.jpg,1,25
5398.jpg,0,81
5399.jpg,0,52
5400.jpg,0,79
5401.jpg,2,77
5402.jpg,2,73
5403.jpg,0,41
5404.jpg,1,36
5405.jpg,2,53
5406.jpg,0,86
5407.jpg,0,61
5408.jpg,0,6
5409.jpg,2,33
5410.jpg,0,8
5411.jpg,1,80
5412.jpg,2,59
5413.jpg,2,3
5414.jpg,2,83
5415.jpg,0,42
5416.jpg,1,37
5417.jpg,1,87
5418.jpg,0,84
5419.jpg,0,52
5420.jpg,2,47
5421.jpg,1,18
5422.jpg,2,53
5423.jpg,0,30
5424.jpg,1,22
5425.jpg,0,81
5426.jpg,2,56
5427.jpg,1,71
5428.jpg,0,5
5429.jpg,2,83
5430.jpg,1,65
5431.jpg,0,4
5432.jpg,2,3
5433.jpg,0,76
5434.jpg,1,7
5435.jpg,0,4
5436.jpg,0,16
5437.jpg,2,47
5438.jpg,2,64
5439.jpg,1,65
5440.jpg,0,74
5441.jpg,0,42
5442.jpg,1,31
5443.jpg,0,76
5444.jpg,2,73
5445.jpg,0,86
5446.jpg,1,49
5447.jpg,0,4
5448.jpg,1,0
5449.jpg,0,74
5450.jpg,2,72
5451.jpg,0,6
5452.jpg,1,78
5453.jpg,2,62
5454.jpg,0,85
5455.jpg,2,83
5456.jpg,0,52
5457.jpg,2,73
5458.jpg,0,4
5459.jpg,2,1
5460.jpg,1,78
5461.jpg,2,50
5462.jpg,0,61
5463.jpg,2,51
5464.jpg,1,71
5465.jpg,2,70
5466.jpg,2,62
5467.jpg,2,62
5468.jpg,2,13
5469.jpg,1,32
5470.jpg,2,47
5471.jpg,0,74
5472.jpg,2,83
5473.jpg,0,5
5474.jpg,2,73
5475.jpg,1,36
5476.jpg,2,58
5477.jpg,2,73
5478.jpg,0,84
5479.jpg,0,24
5480.jpg,1,25
5481.jpg,1,36
5482.jpg,1,32
5483.jpg,1,37
5484.jpg,1,21
5485.jpg,2,59
5486.jpg,2,72
5487.jpg,2,67
5488.jpg,1,37
5489.jpg,0,6
5490.jpg,2,50
5491.jpg,1,71
5492.jpg,0,27
5493.jpg,2,56
5494.jpg,1,22
5495.jpg,2,73
5496.jpg,0,86
5497.jpg,2,64
5498.jpg,0,14
5499.jpg,0,86
5500.jpg,2,39
5501.jpg,1,49
5502.jpg,0,28
5503.jpg,2,51
5504.jpg,1,55
5505.jpg,1,25
5506.jpg,2,1
5507.jpg,0,52
5508.jpg,0,81
5509.jpg,0,82
5510.jpg,0,81
5511.jpg,2,72
5512.jpg,0,28
5513.jpg,2,68
5514.jpg,1,65
5515.jpg,2,69
5516.jpg,2,44
5517.jpg,1,45
5518.jpg,2,50
5519.jpg,1,87
5520.jpg,0,57
5521.jpg,1,54
5522.jpg,1,87
5523.jpg,2,13
5524.jpg,1,46
5525.jpg,2,51
5526.jpg,1,49
5527.jpg,2,1
5528.jpg,2,70
5529.jpg,1,32
5530.jpg,2,58
5531.jpg,2,77
5532.jpg,0,86
5533.jpg,0,42
5534.jpg,1,46
5535.jpg,1,49
5536.jpg,2,35
5537.jpg,2,47
5538.jpg,1,71
5539.jpg,2,69
5540.jpg,1,0
5541.jpg,2,29
5542.jpg,2,13
5543.jpg,1,46
5544.jpg,2,64
5545.jpg,1,21
5546.jpg,0,61
5547.jpg,2,33
5548.jpg,1,32
5549.jpg,2,62
5550.jpg,1,21
5551.jpg,1,18
5552.jpg,2,69
5553.jpg,0,40
5554.jpg,2,51
5555.jpg,0,60
5556.jpg,2,77
5557.jpg,2,64
5558.jpg,1,2
5559.jpg,2,68
5560.jpg,2,50
5561.jpg,2,50
5562.jpg,1,36
5563.jpg,1,55
5564.jpg,1,49
5565.jpg,0,42
5566.jpg,1,46
5567.jpg,2,47
5568.jpg,1,65
5569.jpg,1,10
5570.jpg,0,19
5571.jpg,2,47
5572.jpg,2,77
5573.jpg,2,35
5574.jpg,2,64
5575.jpg,2,47
5576.jpg,2,77
5577.jpg,0,76
5578.jpg,0,16
5579.jpg,0,86
5580.jpg,0,16
5581.jpg,1,71
5582.jpg,1,49
5583.jpg,0,40
5584.jpg,2,83
5585.jpg,0,88
5586.jpg,0,24
5587.jpg,0,28
5588.jpg,2,43
5589.jpg,1,2
5590.jpg,1,31
5591.jpg,2,47
5592.jpg,1,17
5593.jpg,1,12
5594.jpg,2,73
5595.jpg,2,67
5596.jpg,1,49
5597.jpg,2,35
5598.jpg,0,60
5599.jpg,2,29
5600.jpg,2,73
5601.jpg,2,39
5602.jpg,1,65
5603.jpg,2,47
5604.jpg,1,54
5605.jpg,1,2
5606.jpg,2,70
5607.jpg,2,53
5608.jpg,1,71
5609.jpg,0,81
5610.jpg,1,36
5611.jpg,2,56
5612.jpg,0,85
5613.jpg,2,77
5614.jpg,0,76
5615.jpg,0,4
5616.jpg,1,63
5617.jpg,2,44
5618.jpg,2,1
5619.jpg,1,25
5620.jpg,2,56
5621.jpg,1,10
5622.jpg,2,48
5623.jpg,0,24
5624.jpg,1,65
5625.jpg,2,58
5626.jpg,2,62
5627.jpg,1,49
5628.jpg,2,62
5629.jpg,0,8
5630.jpg,0,4
5631.jpg,1,2
5632.jpg,1,21
5633.jpg,0,88
5634.jpg,0,61
5635.jpg,1,7
5636.jpg,1,12
5637.jpg,1,21
5638.jpg,0,6
5639.jpg,1,46
5640.jpg,0,6
5641.jpg,2,1
5642.jpg,0,11
5643.jpg,1,78
5644.jpg,0,86
5645.jpg,0,30
5646.jpg,1,22
5647.jpg,0,4
5648.jpg,0,24
5649.jpg,2,62
5650.jpg,2,68
5651.jpg,2,53
5652.jpg,2,50
5653.jpg,0,41
5654.jpg,1,65
5655.jpg,2,62
5656.jpg,2,73
5657.jpg,1,55
5658.jpg,0,30
5659.jpg,1,54
5660.jpg,2,50
5661.jpg,0,79
5662.jpg,2,70
5663.jpg,0,30
5664.jpg,1,46
5665.jpg,1,21
5666.jpg,2,67
5667.jpg,1,17
5668.jpg,1,37
5669.jpg,1,71
5670.jpg,1,55
5671.jpg,1,2
5672.jpg,1,63
5673.jpg,2,75
5674.jpg,0,16
5675.jpg,1,49
5676.jpg,0,19
5677.jpg,0,76
5678.jpg,1,7
5679.jpg,1,65
5680.jpg,2,58
5681.jpg,2,59
5682.jpg,2,44
5683.jpg,2,29
5684.jpg,2,73
5685.jpg,1,21
5686.jpg,1,22
5687.jpg,2,13
5688.jpg,0,28
5689.jpg,1,78
5690.jpg,1,46
5691.jpg,2,70
5692.jpg,0,28
5693.jpg,0,5
5694.jpg,0,42
5695.jpg,1,7
5696.jpg,2,29
5697.jpg,0,27
5698.jpg,2,51
5699.jpg,2,72
5700.jpg,1,22
5701.jpg,2,62
5702.jpg,1,18
5703.jpg,1,87
5704.jpg,1,2
5705.jpg,2,64
5706.jpg,2,62
5707.jpg,0,76
5708.jpg,2,70
5709.jpg,2,70
5710.jpg,0,76
5711.jpg,2,56
5712.jpg,1,22
5713.jpg,2,67
5714.jpg,0,20
5715.jpg,1,18
5716.jpg,2,53
5717.jpg,0,88
5718.jpg,0,27
5719.jpg,1,65
5720.jpg,0,88
5721.jpg,2,68
5722.jpg,2,83
5723.jpg,1,66
5724.jpg,0,52
5725.jpg,1,17
5726.jpg,2,64
5727.jpg,0,16
5728.jpg,1,78
5729.jpg,2,64
5730.jpg,0,16
5731.jpg,0,24
5732.jpg,1,7
5733.jpg,1,66
5734.jpg,0,16
5735.jpg,2,47
5736.jpg,0,14
5737.jpg,2,75
5738.jpg,2,43
5739.jpg,1,21
5740.jpg,2,58
5741.jpg,0,60
5742.jpg,1,22
5743.jpg,2,73
5744.jpg,2,73
5745.jpg,0,76
5746.jpg,0,41
5747.jpg,2,73
5748.jpg,1,71
5749.jpg,2,67
5750.jpg,1,25
5751.jpg,1,31
5752.jpg,0,28
5753.jpg,0,82
5754.jpg,2,62
5755.jpg,2,44
5756.jpg,0,57
5757.jpg,1,63
5758.jpg,1,65
5759.jpg,0,6
5760.jpg,2,47
5761.jpg,0,88
5762.jpg,0,30
5763.jpg,0,6
5764.jpg,1,2
5765.jpg,2,35
5766.jpg,0,28
5767.jpg,1,66
5768.jpg,1,17
5769.jpg,2,50
5770.jpg,0,76
5771.jpg,2,43
5772.jpg,1,65
5773.jpg,0,28
5774.jpg,2,39
5775.jpg,1,7
5776.jpg,0,24
5777.jpg,1,22
5778.jpg,0,19
5779.jpg,0,76
5780.jpg,2,35
5781.jpg,1,37
5782.jpg,2,62
5783.jpg,2,1
5784.jpg,0,4
5785.jpg,0,8
5786.jpg,1,54
5787.jpg,1,65
5788.jpg,2,68
5789.jpg,2,35
5790.jpg,2,62
5791.jpg,0,57
5792.jpg,1,65
5793.jpg,1,31
5794.jpg,2,15
5795.jpg,0,8
5796.jpg,0,26
5797.jpg,2,70
5798.jpg,0,41
5799.jpg,1,63
5800.jpg,0,5
5801.jpg,0,81
5802.jpg,0,81
5803.jpg,1,22
5804.jpg,1,7
5805.jpg,0,26
5806.jpg,1,78
5807.jpg,2,73
5808.jpg,2,51
5809.jpg,1,37
5810.jpg,1,18
5811.jpg,1,7
5812.jpg,2,47
5813.jpg,0,82
5814.jpg,0,11
5815.jpg,2,72
5816.jpg,2,75
5817.jpg,1,7
5818.jpg,1,71
5819.jpg,2,48
5820.jpg,2,77
5821.jpg,2,29
5822.jpg,1,66
5823.jpg,0,61
5824.jpg,1,71
5825.jpg,2,1
5826.jpg,2,67
5827.jpg,0,24
5828.jpg,2,47
5829.jpg,2,77
5830.jpg,1,0
5831.jpg,0,79
5832.jpg,2,51
5833.jpg,1,31
5834.jpg,1,0
5835.jpg,2,33
5836.jpg,0,88
5837.jpg,2,48
5838.jpg,0,57
5839.jpg,2,59
5840.jpg,2,15
5841.jpg,0,14
5842.jpg,2,33
5843.jpg,2,83
5844.jpg,0,30
5845.jpg,1,71
5846.jpg,1,0
5847.jpg,2,29
5848.jpg,1,12
5849.jpg,2,47
5850.jpg,2,58
5851.jpg,2,75
5852.jpg,0,4
5853.jpg,0,42
5854.jpg,2,83
5855.jpg,0,20
5856.jpg,1,32
5857.jpg,2,73
5858.jpg,1,21
5859.jpg,0,4
5860.jpg,0,30
5861.jpg,2,51
5862.jpg,0,52
5863.jpg,0,30
5864.jpg,1,71
5865.jpg,2,62
5866.jpg,2,64
5867.jpg,1,21
5868.jpg,2,33
5869.jpg,0,52
5870.jpg,2,62
5871.jpg,1,9
5872.jpg,1,21
5873.jpg,2,53
5874.jpg,2,67
5875.jpg,0,42
5876.jpg,0,19
5877.jpg,0,20
5878.jpg,0,57
5879.jpg,2,70
5880.jpg,0,6
5881.jpg,2,50
5882.jpg,0,11
5883.jpg,2,69
5884.jpg,0,76
5885.jpg,2,29
5886.jpg,0,4
5887.jpg,2,51
5888.jpg,1,25
5889.jpg,1,31
5890.jpg,2,73
5891.jpg,1,65
5892.jpg,2,50
5893.jpg,0,82
5894.jpg,0,74
5895.jpg,2,56
5896.jpg,2,83
5897.jpg,1,36
5898.jpg,2,29
5899.jpg,2,53
5900.jpg,0,28
5901.jpg,1,22
5902.jpg,2,77
5903.jpg,2,48
5904.jpg,1,18
5905.jpg,0,4
5906.jpg,1,49
5907.jpg,1,36
5908.jpg,0,76
5909.jpg,0,19
5910.jpg,0,27
5911.jpg,1,49
5912.jpg,0,30
5913.jpg,1,71
5914.jpg,1,31
5915.jpg,0,85
5916.jpg,2,29
5917.jpg,2,50
5918.jpg,1,31
5919.jpg,1,66
5920.jpg,2,3
5921.jpg,1,80
5922.jpg,0,16
5923.jpg,1,21
5924.jpg,2,29
5925.jpg,0,84
5926.jpg,2,58
5927.jpg,2,43
5928.jpg,1,37
5929.jpg,1,87
5930.jpg,2,44
5931.jpg,0,30
5932.jpg,1,37
5933.jpg,2,51
5934.jpg,1,9
5935.jpg,0,27
5936.jpg,2,34
5937.jpg,0,76
5938.jpg,1,71
5939.jpg,1,55
5940.jpg,0,88
5941.jpg,2,43
5942.jpg,1,37
5943.jpg,2,13
5944.jpg,1,87
5945.jpg,1,45
5946.jpg,1,54
5947.jpg,2,62
5948.jpg,2,50
5949.jpg,0,61
5950.jpg,1,71
5951.jpg,1,22
5952.jpg,1,18
5953.jpg,1,10
5954.jpg,0,40
5955.jpg,0,86
5956.jpg,1,7
5957.jpg,1,22
5958.jpg,1,9
5959.jpg,0,27
5960.jpg,2,68
5961.jpg,2,56
5962.jpg,1,7
5963.jpg,0,4
5964.jpg,0,19
5965.jpg,0,5
5966.jpg,1,36
5967.jpg,0,11
5968.jpg,1,46
5969.jpg,2,47
5970.jpg,0,20
5971.jpg,2,73
5972.jpg,2,35
5973.jpg,0,40
5974.jpg,2,51
5975.jpg,1,7
5976.jpg,1,63
5977.jpg,0,82
5978.jpg,2,29
5979.jpg,1,65
5980.jpg,2,51
5981.jpg,0,5
5982.jpg,2,39
5983.jpg,2,43
5984.jpg,2,62
5985.jpg,0,76
5986.jpg,2,29
5987.jpg,0,24
5988.jpg,1,63
5989.jpg,0,86
5990.jpg,1,71
5991.jpg,1,7
5992.jpg,1,18
5993.jpg,1,22
5994.jpg,0,14
5995.jpg,2,62
5996.jpg,0,88
5997.jpg,1,37
5998.jpg,2,43
5999.jpg,1,31
6000.jpg,1,32
6001.jpg,2,64
6002.jpg,0,27
6003.jpg,2,51
6004.jpg,2,15
6005.jpg,1,65
6006.jpg,0,86
6007.jpg,1,10
6008.jpg,2,50
6009.jpg,0,76
6010.jpg,2,35
6011.jpg,1,71
6012.jpg,1,36
6013.jpg,2,51
6014.jpg,1,36
6015.jpg,2,48
6016.jpg,0,26
6017.jpg,0,27
6018.jpg,1,45
6019.jpg,2,53
6020.jpg,2,83
6021.jpg,0,30
6022.jpg,1,7
6023.jpg,2,72
6024.jpg,2,15
6025.jpg,0,81
6026.jpg,2,68
6027.jpg,0,8
6028.jpg,2,56
6029.jpg,0,28
6030.jpg,1,46
6031.jpg,2,15
6032.jpg,0,30
6033.jpg,1,71
6034.jpg,1,0
6035.jpg,2,62
6036.jpg,0,8
6037.jpg,2,58
6038.jpg,1,55
6039.jpg,0,76
6040.jpg,1,12
6041.jpg,1,46
6042.jpg,2,70
6043.jpg,1,37
6044.jpg,2,34
6045.jpg,0,79
6046.jpg,0,86
6047.jpg,1,2
6048.jpg,0,42
6049.jpg,0,24
6050.jpg,1,10
6051.jpg,2,34
6052.jpg,2,69
6053.jpg,2,75
6054.jpg,2,29
6055.jpg,1,54
6056.jpg,2,73
6057.jpg,0,86
6058.jpg,2,35
6059.jpg,0,24
6060.jpg,2,43
6061.jpg,2,83
6062.jpg,2,77
6063.jpg,1,32
6064.jpg,2,53
6065.jpg,0,30
6066.jpg,1,18
6067.jpg,2,1
6068.jpg,2,44
6069.jpg,2,58
6070.jpg,1,21
6071.jpg,0,57
6072.jpg,2,70
6073.jpg,2,77
6074.jpg,2,70
6075.jpg,0,81
6076.jpg,0,11
6077.jpg,1,31
6078.jpg,1,37
6079.jpg,2,51
6080.jpg,0,86
6081.jpg,0,28
6082.jpg,1,2
6083.jpg,1,65
6084.jpg,1,71
6085.jpg,1,17
6086.jpg,0,52
6087.jpg,0,6
6088.jpg,0,28
6089.jpg,2,72
6090.jpg,2,73
6091.jpg,1,7
6092.jpg,1,7
6093.jpg,0,85
6094.jpg,1,66
6095.jpg,2,59
6096.jpg,1,10
6097.jpg,1,80
6098.jpg,2,59
6099.jpg,0,40
6100.jpg,0,4
6101.jpg,1,2
6102.jpg,0,24
6103.jpg,2,51
6104.jpg,1,36
6105.jpg,0,30
6106.jpg,2,67
6107.jpg,0,26
6108.jpg,0,74
6109.jpg,1,49
6110.jpg,2,77
6111.jpg,1,65
6112.jpg,2,59
6113.jpg,0,6
6114.jpg,2,67
6115.jpg,0,81
6116.jpg,0,19
6117.jpg,1,54
6118.jpg,2,15
6119.jpg,2,56
6120.jpg,1,38
6121.jpg,1,31
6122.jpg,0,82
6123.jpg,2,15
6124.jpg,0,6
6125.jpg,2,83
6126.jpg,1,45
6127.jpg,0,6
6128.jpg,1,36
6129.jpg,1,36
6130.jpg,0,24
6131.jpg,2,44
6132.jpg,0,86
6133.jpg,2,51
6134.jpg,2,83
6135.jpg,1,46
6136.jpg,1,25
6137.jpg,0,88
6138.jpg,1,10
6139.jpg,2,67
6140.jpg,2,73
6141.jpg,0,30
6142.jpg,0,4
6143.jpg,0,4
6144.jpg,2,50
6145.jpg,2,48
6146.jpg,2,53
6147.jpg,2,29
6148.jpg,0,30
6149.jpg,1,22
6150.jpg,1,2
6151.jpg,2,44
6152.jpg,0,57
6153.jpg,0,27
6154.jpg,1,38
6155.jpg,2,64
6156.jpg,1,65
6157.jpg,2,67
6158.jpg,2,72
6159.jpg,1,25
6160.jpg,0,60
6161.jpg,1,66
6162.jpg,2,44
6163.jpg,2,67
6164.jpg,1,46
6165.jpg,2,53
6166.jpg,1,49
6167.jpg,2,59
6168.jpg,0,26
6169.jpg,0,14
6170.jpg,0,30
6171.jpg,2,59
6172.jpg,2,64
6173.jpg,1,54
6174.jpg,0,6
6175.jpg,1,25
6176.jpg,1,63
6177.jpg,0,26
6178.jpg,2,62
6179.jpg,1,54
6180.jpg,2,58
6181.jpg,2,33
6182.jpg,1,25
6183.jpg,0,6
6184.jpg,0,24
6185.jpg,1,18
6186.jpg,2,35
6187.jpg,2,70
6188.jpg,2,67
6189.jpg,0,74
6190.jpg,2,70
6191.jpg,0,16
6192.jpg,1,17
6193.jpg,1,7
6194.jpg,2,69
6195.jpg,0,16
6196.jpg,1,49
6197.jpg,1,37
6198.jpg,2,83
6199.jpg,2,50
6200.jpg,0,52
6201.jpg,0,20
6202.jpg,0,4
6203.jpg,2,64
6204.jpg,2,44
6205.jpg,1,10
6206.jpg,1,71
6207.jpg,2,70
6208.jpg,0,11
6209.jpg,2,62
6210.jpg,0,8
6211.jpg,2,70
6212.jpg,2,47
6213.jpg,2,70
6214.jpg,1,66
6215.jpg,0,8
6216.jpg,2,77
6217.jpg,2,56
6218.jpg,1,36
6219.jpg,1,63
6220.jpg,0,82
6221.jpg,1,31
6222.jpg,1,31
6223.jpg,2,50
6224.jpg,2,72
6225.jpg,2,43
6226.jpg,0,27
6227.jpg,2,77
6228.jpg,0,86
6229.jpg,1,9
6230.jpg,1,63
6231.jpg,2,62
6232.jpg,1,31
6233.jpg,2,33
6234.jpg,1,63
6235.jpg,0,11
6236.jpg,1,18
6237.jpg,1,22
6238.jpg,2,43
6239.jpg,2,53
6240.jpg,1,7
6241.jpg,0,8
6242.jpg,2,35
6243.jpg,1,78
6244.jpg,0,11
6245.jpg,2,62
6246.jpg,2,50
6247.jpg,2,43
6248.jpg,2,64
6249.jpg,2,67
6250.jpg,1,36
6251.jpg,1,0
6252.jpg,2,58
6253.jpg,2,15
6254.jpg,1,21
6255.jpg,0,60
6256.jpg,2,51
6257.jpg,1,37
6258.jpg,2,72
6259.jpg,0,85
6260.jpg,0,76
6261.jpg,2,58
6262.jpg,0,41
6263.jpg,2,51
6264.jpg,0,30
6265.jpg,2,64
6266.jpg,2,44
6267.jpg,0,86
6268.jpg,2,33
6269.jpg,1,65
6270.jpg,2,51
6271.jpg,2,34
6272.jpg,1,23
6273.jpg,0,30
6274.jpg,2,59
6275.jpg,1,66
6276.jpg,1,12
6277.jpg,1,66
6278.jpg,2,67
6279.jpg,1,71
6280.jpg,1,21
6281.jpg,1,10
6282.jpg,0,76
6283.jpg,2,83
6284.jpg,0,27
6285.jpg,1,46
6286.jpg,1,18
6287.jpg,2,43
6288.jpg,0,82
6289.jpg,0,6
6290.jpg,1,9
6291.jpg,0,82
6292.jpg,2,39
6293.jpg,0,28
6294.jpg,2,58
6295.jpg,1,36
6296.jpg,2,67
6297.jpg,0,30
6298.jpg,2,47
6299.jpg,0,30
6300.jpg,0,24
6301.jpg,1,21
6302.jpg,0,76
6303.jpg,2,53
6304.jpg,2,67
6305.jpg,0,6
6306.jpg,2,53
6307.jpg,0,8
6308.jpg,2,1
6309.jpg,1,7
6310.jpg,1,36
6311.jpg,0,19
6312.jpg,2,15
6313.jpg,1,31
6314.jpg,0,88
6315.jpg,0,6
6316.jpg,1,22
6317.jpg,0,4
6318.jpg,2,58
6319.jpg,0,28
6320.jpg,2,44
6321.jpg,1,71
6322.jpg,1,31
6323.jpg,1,66
6324.jpg,2,47
6325.jpg,2,58
6326.jpg,0,81
6327.jpg,1,7
6328.jpg,2,44
6329.jpg,0,28
6330.jpg,0,27
6331.jpg,0,5
6332.jpg,2,34
6333.jpg,2,64
6334.jpg,2,75
6335.jpg,2,33
6336.jpg,2,83
6337.jpg,2,59
6338.jpg,0,19
6339.jpg,1,78
6340.jpg,0,84
6341.jpg,0,24
6342.jpg,2,35
6343.jpg,2,34
6344.jpg,2,33
6345.jpg,0,41
6346.jpg,2,72
6347.jpg,0,30
6348.jpg,2,64
6349.jpg,0,4
6350.jpg,1,46
6351.jpg,2,58
6352.jpg,2,62
6353.jpg,0,19
6354.jpg,2,53
6355.jpg,1,36
6356.jpg,2,33
6357.jpg,1,37
6358.jpg,0,4
6359.jpg,1,18
6360.jpg,0,6
6361.jpg,1,7
6362.jpg,2,51
6363.jpg,2,35
6364.jpg,2,62
6365.jpg,0,26
6366.jpg,1,49
6367.jpg,1,10
6368.jpg,1,18
6369.jpg,2,43
6370.jpg,2,13
6371.jpg,1,66
6372.jpg,2,58
6373.jpg,1,87
6374.jpg,0,88
6375.jpg,2,50
6376.jpg,2,59
6377.jpg,2,1
6378.jpg,0,5
6379.jpg,2,51
6380.jpg,2,50
6381.jpg,2,73
6382.jpg,1,36
6383.jpg,1,66
6384.jpg,1,31
6385.jpg,2,34
6386.jpg,2,1
6387.jpg,0,88
6388.jpg,2,3
6389.jpg,2,83
6390.jpg,0,52
6391.jpg,1,71
6392.jpg,1,7
6393.jpg,1,55
6394.jpg,2,62
6395.jpg,0,81
6396.jpg,1,31
6397.jpg,2,77
6398.jpg,0,30
6399.jpg,2,48
6400.jpg,0,79
6401.jpg,1,9
6402.jpg,0,24
6403.jpg,0,41
6404.jpg,2,50
6405.jpg,0,20
6406.jpg,0,42
6407.jpg,0,28
6408.jpg,0,76
6409.jpg,0,85
6410.jpg,1,55
6411.jpg,0,6
6412.jpg,1,31
6413.jpg,2,43
6414.jpg,0,40
6415.jpg,2,77
6416.jpg,1,22
6417.jpg,0,84
6418.jpg,0,84
6419.jpg,0,82
6420.jpg,1,55
6421.jpg,0,42
6422.jpg,0,57
6423.jpg,0,76
6424.jpg,1,21
6425.jpg,2,50
6426.jpg,2,59
6427.jpg,2,53
6428.jpg,1,66
6429.jpg,2,29
6430.jpg,0,40
6431.jpg,1,31
6432.jpg,1,36
6433.jpg,2,72
6434.jpg,0,88
6435.jpg,2,73
6436.jpg,0,11
6437.jpg,0,81
6438.jpg,1,80
6439.jpg,2,35
6440.jpg,2,83
6441.jpg,0,30
6442.jpg,2,48
6443.jpg,1,63
6444.jpg,0,6
6445.jpg,1,66
6446.jpg,0,86
6447.jpg,1,36
6448.jpg,1,46
6449.jpg,2,43
6450.jpg,1,54
6451.jpg,0,86
6452.jpg,2,77
6453.jpg,2,48
6454.jpg,0,4
6455.jpg,0,19
6456.jpg,2,3
6457.jpg,0,16
6458.jpg,0,42
6459.jpg,1,38
6460.jpg,2,59
6461.jpg,2,67
6462.jpg,2,70
6463.jpg,2,53
6464.jpg,1,65
6465.jpg,2,44
6466.jpg,2,53
6467.jpg,0,26
6468.jpg,1,22
6469.jpg,2,29
6470.jpg,2,68
6471.jpg,2,1