image_index,superclass_index,subclass_index
0.jpg,1,53
1.jpg,1,45
2.jpg,1,4
3.jpg,2,7
4.jpg,1,33
5.jpg,0,75
6.jpg,1,25
7.jpg,2,7
8.jpg,2,52
9.jpg,2,7
10.jpg,2,52
11.jpg,2,24
12.jpg,2,18
13.jpg,2,6
14.jpg,1,76
15.jpg,0,19
16.jpg,0,59
17.jpg,1,12
18.jpg,0,47
19.jpg,2,23
20.jpg,0,49
21.jpg,0,1
22.jpg,2,42
23.jpg,0,85
24.jpg,2,41
25.jpg,1,45
26.jpg,1,4
27.jpg,2,32
28.jpg,2,35
29.jpg,1,30
30.jpg,2,18
31.jpg,1,81
32.jpg,1,30
33.jpg,1,76
34.jpg,2,20
35.jpg,0,28
36.jpg,0,85
37.jpg,0,67
38.jpg,2,35
39.jpg,2,20
40.jpg,2,21
41.jpg,2,13
42.jpg,2,20
43.jpg,0,67
44.jpg,1,16
45.jpg,0,70
46.jpg,1,4
47.jpg,0,55
48.jpg,2,32
49.jpg,2,10
50.jpg,2,48
51.jpg,0,15
52.jpg,1,30
53.jpg,1,30
54.jpg,2,32
55.jpg,1,9
56.jpg,0,57
57.jpg,2,10
58.jpg,1,82
59.jpg,2,71
60.jpg,0,31
61.jpg,2,23
62.jpg,1,5
63.jpg,2,38
64.jpg,0,31
65.jpg,0,31
66.jpg,1,5
67.jpg,0,1
68.jpg,1,2
69.jpg,1,82
70.jpg,0,31
71.jpg,0,79
72.jpg,0,47
73.jpg,0,47
74.jpg,0,84
75.jpg,2,35
76.jpg,0,55
77.jpg,0,31
78.jpg,0,84
79.jpg,0,26
80.jpg,2,13
81.jpg,2,20
82.jpg,2,61
83.jpg,1,45
84.jpg,2,41
85.jpg,0,88
86.jpg,2,13
87.jpg,2,20
88.jpg,2,38
89.jpg,0,88
90.jpg,2,21
91.jpg,2,38
92.jpg,2,24
93.jpg,2,35
94.jpg,1,81
95.jpg,2,13
96.jpg,2,48
97.jpg,0,66
98.jpg,0,67
99.jpg,1,56
100.jpg,1,25
101.jpg,1,2
102.jpg,2,78
103.jpg,0,88
104.jpg,2,77
105.jpg,1,3
106.jpg,1,4
107.jpg,0,84
108.jpg,0,37
109.jpg,1,51
110.jpg,1,3
111.jpg,1,56
112.jpg,1,8
113.jpg,2,50
114.jpg,0,70
115.jpg,0,67
116.jpg,0,84
117.jpg,0,59
118.jpg,1,76
119.jpg,1,83
120.jpg,2,10
121.jpg,2,21
122.jpg,2,73
123.jpg,0,62
124.jpg,0,19
125.jpg,0,63
126.jpg,1,76
127.jpg,2,13
128.jpg,0,55
129.jpg,2,61
130.jpg,0,19
131.jpg,1,69
132.jpg,0,62
133.jpg,0,1
134.jpg,0,70
135.jpg,2,52
136.jpg,2,41
137.jpg,0,80
138.jpg,2,32
139.jpg,2,61
140.jpg,1,4
141.jpg,0,57
142.jpg,1,51
143.jpg,0,67
144.jpg,0,57
145.jpg,2,24
146.jpg,0,47
147.jpg,1,51
148.jpg,2,27
149.jpg,1,4
150.jpg,2,27
151.jpg,2,27
152.jpg,1,30
153.jpg,2,32
154.jpg,2,50
155.jpg,0,57
156.jpg,0,47
157.jpg,2,74
158.jpg,2,61
159.jpg,0,57
160.jpg,0,85
161.jpg,2,29
162.jpg,0,0
163.jpg,1,9
164.jpg,1,69
165.jpg,0,15
166.jpg,0,66
167.jpg,2,48
168.jpg,2,18
169.jpg,2,32
170.jpg,2,35
171.jpg,2,23
172.jpg,0,57
173.jpg,0,85
174.jpg,2,24
175.jpg,0,57
176.jpg,0,84
177.jpg,2,73
178.jpg,0,63
179.jpg,2,64
180.jpg,1,5
181.jpg,2,77
182.jpg,2,18
183.jpg,1,69
184.jpg,1,11
185.jpg,0,66
186.jpg,0,63
187.jpg,2,21
188.jpg,2,18
189.jpg,1,11
190.jpg,2,7
191.jpg,2,42
192.jpg,1,22
193.jpg,2,46
194.jpg,1,82
195.jpg,1,30
196.jpg,1,56
197.jpg,2,43
198.jpg,0,57
199.jpg,2,20
200.jpg,0,57
201.jpg,0,47
202.jpg,1,9
203.jpg,2,43
204.jpg,2,20
205.jpg,0,72
206.jpg,1,86
207.jpg,0,55
208.jpg,1,12
209.jpg,2,21
210.jpg,0,66
211.jpg,1,14
212.jpg,2,52
213.jpg,1,2
214.jpg,1,56
215.jpg,1,5
216.jpg,2,13
217.jpg,0,63
218.jpg,2,24
219.jpg,0,84
220.jpg,1,30
221.jpg,0,72
222.jpg,1,14
223.jpg,1,22
224.jpg,0,1
225.jpg,1,30
226.jpg,1,76
227.jpg,2,23
228.jpg,2,23
229.jpg,0,59
230.jpg,1,4
231.jpg,0,85
232.jpg,0,37
233.jpg,1,4
234.jpg,0,39
235.jpg,2,74
236.jpg,0,72
237.jpg,0,0
238.jpg,1,2
239.jpg,1,30
240.jpg,1,83
241.jpg,0,57
242.jpg,2,68
243.jpg,2,35
244.jpg,0,80
245.jpg,0,70
246.jpg,0,40
247.jpg,1,45
248.jpg,2,71
249.jpg,0,85
250.jpg,2,20
251.jpg,1,16
252.jpg,1,4
253.jpg,0,80
254.jpg,2,27
255.jpg,2,24
256.jpg,2,43
257.jpg,2,24
258.jpg,2,23
259.jpg,2,64
260.jpg,2,20
261.jpg,2,77
262.jpg,0,0
263.jpg,2,27
264.jpg,2,50
265.jpg,1,33
266.jpg,0,26
267.jpg,2,23
268.jpg,0,66
269.jpg,1,11
270.jpg,0,63
271.jpg,0,75
272.jpg,2,61
273.jpg,2,20
274.jpg,2,21
275.jpg,1,2
276.jpg,1,76
277.jpg,0,0
278.jpg,1,3
279.jpg,0,59
280.jpg,2,24
281.jpg,2,27
282.jpg,2,29
283.jpg,0,67
284.jpg,0,57
285.jpg,0,37
286.jpg,2,64
287.jpg,1,5
288.jpg,0,19
289.jpg,0,84
290.jpg,1,17
291.jpg,2,23
292.jpg,2,50
293.jpg,2,24
294.jpg,1,81
295.jpg,2,7
296.jpg,2,41
297.jpg,0,59
298.jpg,2,27
299.jpg,2,13
300.jpg,0,85
301.jpg,2,27
302.jpg,2,32
303.jpg,1,45
304.jpg,0,79
305.jpg,0,54
306.jpg,0,37
307.jpg,0,80
308.jpg,2,48
309.jpg,0,55
310.jpg,2,27
311.jpg,1,81
312.jpg,2,41
313.jpg,0,54
314.jpg,0,34
315.jpg,0,28
316.jpg,0,70
317.jpg,1,81
318.jpg,2,73
319.jpg,2,7
320.jpg,2,43
321.jpg,2,52
322.jpg,0,55
323.jpg,0,79
324.jpg,0,15
325.jpg,0,84
326.jpg,1,11
327.jpg,0,34
328.jpg,2,23
329.jpg,2,13
330.jpg,0,1
331.jpg,2,7
332.jpg,2,21
333.jpg,2,52
334.jpg,2,32
335.jpg,1,30
336.jpg,0,57
337.jpg,1,36
338.jpg,0,59
339.jpg,2,18
340.jpg,2,71
341.jpg,0,59
342.jpg,2,46
343.jpg,1,2
344.jpg,1,8
345.jpg,2,64
346.jpg,0,84
347.jpg,2,71
348.jpg,2,32
349.jpg,0,85
350.jpg,1,17
351.jpg,2,64
352.jpg,2,10
353.jpg,2,32
354.jpg,0,37
355.jpg,0,19
356.jpg,2,73
357.jpg,0,31
358.jpg,0,67
359.jpg,2,38
360.jpg,2,38
361.jpg,2,21
362.jpg,2,13
363.jpg,1,33
364.jpg,2,71
365.jpg,1,76
366.jpg,0,57
367.jpg,0,67
368.jpg,2,32
369.jpg,2,23
370.jpg,2,42
371.jpg,0,55
372.jpg,0,79
373.jpg,1,44
374.jpg,1,58
375.jpg,1,56
376.jpg,0,57
377.jpg,0,55
378.jpg,1,9
379.jpg,1,87
380.jpg,2,73
381.jpg,0,80
382.jpg,2,41
383.jpg,0,57
384.jpg,2,71
385.jpg,2,7
386.jpg,0,28
387.jpg,0,34
388.jpg,1,86
389.jpg,1,2
390.jpg,1,33
391.jpg,1,5
392.jpg,1,33
393.jpg,2,24
394.jpg,0,37
395.jpg,2,41
396.jpg,2,32
397.jpg,2,43
398.jpg,0,67
399.jpg,0,19
400.jpg,1,8
401.jpg,2,46
402.jpg,1,86
403.jpg,1,44
404.jpg,2,65
405.jpg,0,80
406.jpg,2,20
407.jpg,1,58
408.jpg,1,53
409.jpg,2,48
410.jpg,2,23
411.jpg,0,39
412.jpg,0,28
413.jpg,1,45
414.jpg,1,11
415.jpg,0,84
416.jpg,0,60
417.jpg,0,67
418.jpg,1,5
419.jpg,1,82
420.jpg,2,18
421.jpg,1,81
422.jpg,1,58
423.jpg,1,83
424.jpg,2,23
425.jpg,2,23
426.jpg,2,73
427.jpg,2,18
428.jpg,1,83
429.jpg,2,42
430.jpg,2,32
431.jpg,0,80
432.jpg,0,31
433.jpg,1,69
434.jpg,1,76
435.jpg,2,50
436.jpg,1,36
437.jpg,2,50
438.jpg,1,3
439.jpg,2,32
440.jpg,0,60
441.jpg,0,63
442.jpg,0,79
443.jpg,0,54
444.jpg,2,27
445.jpg,1,17
446.jpg,1,33
447.jpg,1,30
448.jpg,0,67
449.jpg,0,55
450.jpg,1,86
451.jpg,1,12
452.jpg,2,41
453.jpg,1,87
454.jpg,0,40
455.jpg,0,72
456.jpg,0,84
457.jpg,1,9
458.jpg,1,86
459.jpg,0,79
460.jpg,2,27
461.jpg,2,43
462.jpg,0,37
463.jpg,0,15
464.jpg,2,71
465.jpg,2,46
466.jpg,1,33
467.jpg,0,34
468.jpg,2,35
469.jpg,0,67
470.jpg,1,58
471.jpg,0,15
472.jpg,2,32
473.jpg,1,58
474.jpg,0,75
475.jpg,1,4
476.jpg,2,61
477.jpg,2,46
478.jpg,2,41
479.jpg,1,69
480.jpg,2,41
481.jpg,2,42
482.jpg,2,78
483.jpg,0,62
484.jpg,1,17
485.jpg,1,2
486.jpg,2,65
487.jpg,0,0
488.jpg,0,31
489.jpg,1,69
490.jpg,1,86
491.jpg,1,81
492.jpg,0,60
493.jpg,1,25
494.jpg,0,85
495.jpg,1,5
496.jpg,2,18
497.jpg,1,11
498.jpg,2,32
499.jpg,0,84
500.jpg,1,2
501.jpg,0,49
502.jpg,1,3
503.jpg,0,60
504.jpg,1,25
505.jpg,2,48
506.jpg,2,42
507.jpg,1,16
508.jpg,2,38
509.jpg,1,82
510.jpg,2,77
511.jpg,0,85
512.jpg,2,6
513.jpg,2,68
514.jpg,1,58
515.jpg,1,53
516.jpg,1,30
517.jpg,2,68
518.jpg,2,74
519.jpg,1,3
520.jpg,2,68
521.jpg,0,47
522.jpg,1,12
523.jpg,2,68
524.jpg,0,67
525.jpg,1,76
526.jpg,0,57
527.jpg,2,10
528.jpg,2,32
529.jpg,2,52
530.jpg,0,26
531.jpg,0,67
532.jpg,0,49
533.jpg,0,19
534.jpg,1,56
535.jpg,2,7
536.jpg,2,48
537.jpg,0,49
538.jpg,0,62
539.jpg,2,27
540.jpg,2,52
541.jpg,2,52
542.jpg,1,44
543.jpg,2,32
544.jpg,2,74
545.jpg,2,74
546.jpg,1,36
547.jpg,2,65
548.jpg,1,25
549.jpg,2,27
550.jpg,0,79
551.jpg,2,21
552.jpg,0,40
553.jpg,2,24
554.jpg,2,48
555.jpg,2,18
556.jpg,0,60
557.jpg,0,55
558.jpg,1,76
559.jpg,2,41
560.jpg,0,26
561.jpg,0,31
562.jpg,0,15
563.jpg,0,19
564.jpg,2,50
565.jpg,2,52
566.jpg,1,33
567.jpg,1,53
568.jpg,0,75
569.jpg,2,64
570.jpg,1,53
571.jpg,2,13
572.jpg,2,73
573.jpg,0,75
574.jpg,1,86
575.jpg,2,73
576.jpg,0,75
577.jpg,2,35
578.jpg,0,70
579.jpg,2,13
580.jpg,1,22
581.jpg,2,23
582.jpg,0,19
583.jpg,1,82
584.jpg,2,38
585.jpg,2,21
586.jpg,0,72
587.jpg,1,4
588.jpg,2,20
589.jpg,2,78
590.jpg,2,29
591.jpg,0,75
592.jpg,0,60
593.jpg,1,16
594.jpg,2,48
595.jpg,0,0
596.jpg,1,86
597.jpg,0,26
598.jpg,2,21
599.jpg,2,46
600.jpg,0,31
601.jpg,0,49
602.jpg,2,64
603.jpg,1,81
604.jpg,2,32
605.jpg,2,13
606.jpg,2,43
607.jpg,2,48
608.jpg,2,50
609.jpg,1,87
610.jpg,2,68
611.jpg,0,55
612.jpg,1,11
613.jpg,2,71
614.jpg,1,33
615.jpg,2,35
616.jpg,2,41
617.jpg,0,59
618.jpg,0,19
619.jpg,0,47
620.jpg,1,5
621.jpg,0,47
622.jpg,1,14
623.jpg,1,56
624.jpg,2,52
625.jpg,0,34
626.jpg,2,23
627.jpg,1,56
628.jpg,0,67
629.jpg,0,88
630.jpg,1,56
631.jpg,1,86
632.jpg,0,49
633.jpg,0,47
634.jpg,1,86
635.jpg,0,66
636.jpg,0,60
637.jpg,1,4
638.jpg,0,19
639.jpg,2,20
640.jpg,2,24
641.jpg,0,34
642.jpg,0,88
643.jpg,0,34
644.jpg,2,41
645.jpg,1,45
646.jpg,2,41
647.jpg,1,87
648.jpg,1,4
649.jpg,0,72
650.jpg,1,16
651.jpg,2,29
652.jpg,2,71
653.jpg,1,82
654.jpg,0,19
655.jpg,1,12
656.jpg,1,87
657.jpg,2,52
658.jpg,1,58
659.jpg,2,23
660.jpg,2,41
661.jpg,1,30
662.jpg,0,39
663.jpg,0,19
664.jpg,0,31
665.jpg,2,7
666.jpg,2,61
667.jpg,0,31
668.jpg,2,13
669.jpg,2,6
670.jpg,0,49
671.jpg,2,52
672.jpg,2,65
673.jpg,1,53
674.jpg,2,27
675.jpg,0,0
676.jpg,1,53
677.jpg,0,34
678.jpg,1,2
679.jpg,1,51
680.jpg,2,43
681.jpg,2,50
682.jpg,1,17
683.jpg,2,61
684.jpg,1,36
685.jpg,1,16
686.jpg,0,67
687.jpg,1,12
688.jpg,2,71
689.jpg,2,18
690.jpg,2,24
691.jpg,0,62
692.jpg,2,7
693.jpg,2,18
694.jpg,0,19
695.jpg,2,46
696.jpg,0,85
697.jpg,0,55
698.jpg,2,74
699.jpg,2,43
700.jpg,0,55
701.jpg,2,78
702.jpg,0,0
703.jpg,2,32
704.jpg,2,6
705.jpg,0,75
706.jpg,1,33
707.jpg,1,69
708.jpg,0,85
709.jpg,2,41
710.jpg,2,41
711.jpg,2,65
712.jpg,0,88
713.jpg,1,81
714.jpg,1,22
715.jpg,1,2
716.jpg,2,46
717.jpg,2,52
718.jpg,2,35
719.jpg,2,74
720.jpg,0,49
721.jpg,1,56
722.jpg,2,20
723.jpg,0,40
724.jpg,1,22
725.jpg,0,34
726.jpg,2,43
727.jpg,1,12
728.jpg,2,18
729.jpg,1,22
730.jpg,0,84
731.jpg,2,35
732.jpg,2,73
733.jpg,1,44
734.jpg,2,41
735.jpg,1,3
736.jpg,0,31
737.jpg,2,7
738.jpg,0,67
739.jpg,2,61
740.jpg,1,8
741.jpg,1,44
742.jpg,1,14
743.jpg,0,70
744.jpg,1,56
745.jpg,0,57
746.jpg,2,35
747.jpg,2,42
748.jpg,1,11
749.jpg,0,57
750.jpg,2,77
751.jpg,0,26
752.jpg,2,29
753.jpg,2,64
754.jpg,1,3
755.jpg,2,24
756.jpg,1,5
757.jpg,2,61
758.jpg,0,55
759.jpg,0,55
760.jpg,2,77
761.jpg,0,62
762.jpg,1,45
763.jpg,2,73
764.jpg,1,81
765.jpg,1,5
766.jpg,1,51
767.jpg,2,23
768.jpg,0,84
769.jpg,2,32
770.jpg,0,19
771.jpg,2,32
772.jpg,0,55
773.jpg,2,35
774.jpg,0,19
775.jpg,1,22
776.jpg,2,43
777.jpg,0,59
778.jpg,1,44
779.jpg,2,46
780.jpg,2,71
781.jpg,2,41
782.jpg,0,31
783.jpg,2,46
784.jpg,0,62
785.jpg,1,8
786.jpg,2,23
787.jpg,2,29
788.jpg,1,14
789.jpg,0,39
790.jpg,2,41
791.jpg,2,46
792.jpg,1,76
793.jpg,2,42
794.jpg,0,84
795.jpg,1,53
796.jpg,1,25
797.jpg,2,68
798.jpg,0,47
799.jpg,1,14
800.jpg,1,45
801.jpg,2,38
802.jpg,2,77
803.jpg,1,33
804.jpg,0,57
805.jpg,1,76
806.jpg,2,27
807.jpg,2,21
808.jpg,2,50
809.jpg,1,86
810.jpg,1,30
811.jpg,1,30
812.jpg,1,5
813.jpg,0,34
814.jpg,2,61
815.jpg,0,0
816.jpg,2,61
817.jpg,1,83
818.jpg,2,38
819.jpg,1,2
820.jpg,1,12
821.jpg,1,45
822.jpg,2,10
823.jpg,1,58
824.jpg,2,61
825.jpg,0,34
826.jpg,1,36
827.jpg,2,38
828.jpg,1,11
829.jpg,2,10
830.jpg,2,50
831.jpg,0,37
832.jpg,2,21
833.jpg,0,39
834.jpg,1,30
835.jpg,2,21
836.jpg,1,25
837.jpg,1,82
838.jpg,2,20
839.jpg,2,13
840.jpg,0,39
841.jpg,0,84
842.jpg,2,78
843.jpg,2,42
844.jpg,0,55
845.jpg,0,57
846.jpg,0,0
847.jpg,2,23
848.jpg,2,74
849.jpg,1,58
850.jpg,0,85
851.jpg,2,52
852.jpg,1,3
853.jpg,0,80
854.jpg,0,47
855.jpg,2,65
856.jpg,0,55
857.jpg,1,3
858.jpg,1,22
859.jpg,1,36
860.jpg,2,10
861.jpg,2,73
862.jpg,0,40
863.jpg,0,79
864.jpg,1,4
865.jpg,0,85
866.jpg,2,42
867.jpg,2,71
868.jpg,2,10
869.jpg,1,56
870.jpg,2,77
871.jpg,1,12
872.jpg,1,87
873.jpg,1,12
874.jpg,1,12
875.jpg,2,52
876.jpg,0,1
877.jpg,2,48
878.jpg,2,6
879.jpg,0,57
880.jpg,1,44
881.jpg,0,57
882.jpg,1,58
883.jpg,1,30
884.jpg,0,67
885.jpg,2,48
886.jpg,2,65
887.jpg,1,86
888.jpg,1,44
889.jpg,1,69
890.jpg,1,17
891.jpg,0,28
892.jpg,1,56
893.jpg,1,82
894.jpg,2,18
895.jpg,1,5
896.jpg,2,61
897.jpg,1,36
898.jpg,1,4
899.jpg,2,32
900.jpg,2,61
901.jpg,1,33
902.jpg,2,71
903.jpg,2,50
904.jpg,1,8
905.jpg,1,33
906.jpg,0,85
907.jpg,0,84
908.jpg,0,15
909.jpg,0,63
910.jpg,1,2
911.jpg,2,77
912.jpg,2,27
913.jpg,1,86
914.jpg,2,61
915.jpg,1,81
916.jpg,2,35
917.jpg,0,19
918.jpg,0,55
919.jpg,0,15
920.jpg,2,29
921.jpg,1,30
922.jpg,1,87
923.jpg,2,41
924.jpg,2,68
925.jpg,2,52
926.jpg,1,17
927.jpg,1,53
928.jpg,0,67
929.jpg,0,60
930.jpg,2,61
931.jpg,1,8
932.jpg,2,50
933.jpg,0,40
934.jpg,0,15
935.jpg,0,31
936.jpg,0,34
937.jpg,1,56
938.jpg,0,34
939.jpg,0,57
940.jpg,0,28
941.jpg,1,76
942.jpg,2,24
943.jpg,2,35
944.jpg,1,4
945.jpg,1,16
946.jpg,0,63
947.jpg,2,7
948.jpg,1,11
949.jpg,1,56
950.jpg,0,31
951.jpg,2,6
952.jpg,1,36
953.jpg,1,44
954.jpg,2,20
955.jpg,0,70
956.jpg,1,45
957.jpg,1,87
958.jpg,1,56
959.jpg,2,41
960.jpg,1,30
961.jpg,1,87
962.jpg,2,7
963.jpg,2,7
964.jpg,1,14
965.jpg,2,20
966.jpg,2,7
967.jpg,2,78
968.jpg,0,26
969.jpg,2,42
970.jpg,1,76
971.jpg,0,66
972.jpg,1,53
973.jpg,0,84
974.jpg,1,69
975.jpg,2,18
976.jpg,0,85
977.jpg,1,8
978.jpg,2,13
979.jpg,0,88
980.jpg,1,58
981.jpg,1,14
982.jpg,0,47
983.jpg,2,42
984.jpg,2,23
985.jpg,1,8
986.jpg,1,12
987.jpg,0,54
988.jpg,1,14
989.jpg,2,74
990.jpg,2,41
991.jpg,1,81
992.jpg,0,1
993.jpg,1,33
994.jpg,1,25
995.jpg,1,2
996.jpg,0,60
997.jpg,2,6
998.jpg,2,18
999.jpg,2,32
1000.jpg,2,32
1001.jpg,2,21
1002.jpg,1,82
1003.jpg,2,13
1004.jpg,0,67
1005.jpg,0,0
1006.jpg,1,8
1007.jpg,1,17
1008.jpg,0,40
1009.jpg,1,12
1010.jpg,1,81
1011.jpg,1,45
1012.jpg,1,33
1013.jpg,0,57
1014.jpg,1,14
1015.jpg,2,46
1016.jpg,2,38
1017.jpg,1,9
1018.jpg,2,74
1019.jpg,1,22
1020.jpg,2,24
1021.jpg,1,82
1022.jpg,0,80
1023.jpg,1,76
1024.jpg,1,82
1025.jpg,2,7
1026.jpg,0,47
1027.jpg,0,26
1028.jpg,1,2
1029.jpg,1,3
1030.jpg,0,84
1031.jpg,1,11
1032.jpg,2,41
1033.jpg,0,84
1034.jpg,0,19
1035.jpg,2,21
1036.jpg,2,13
1037.jpg,0,55
1038.jpg,1,83
1039.jpg,1,30
1040.jpg,2,13
1041.jpg,0,19
1042.jpg,2,68
1043.jpg,2,23
1044.jpg,1,3
1045.jpg,1,33
1046.jpg,1,69
1047.jpg,1,76
1048.jpg,1,2
1049.jpg,1,22
1050.jpg,1,4
1051.jpg,2,46
1052.jpg,0,62
1053.jpg,0,34
1054.jpg,0,19
1055.jpg,0,57
1056.jpg,1,33
1057.jpg,2,21
1058.jpg,0,47
1059.jpg,2,20
1060.jpg,0,66
1061.jpg,0,66
1062.jpg,2,20
1063.jpg,0,40
1064.jpg,0,80
1065.jpg,1,25
1066.jpg,2,27
1067.jpg,0,85
1068.jpg,0,26
1069.jpg,2,48
1070.jpg,2,18
1071.jpg,2,48
1072.jpg,2,7
1073.jpg,1,5
1074.jpg,1,51
1075.jpg,0,19
1076.jpg,1,5
1077.jpg,1,82
1078.jpg,1,12
1079.jpg,2,64
1080.jpg,2,24
1081.jpg,0,85
1082.jpg,0,31
1083.jpg,0,54
1084.jpg,2,23
1085.jpg,0,79
1086.jpg,2,7
1087.jpg,2,71
1088.jpg,1,3
1089.jpg,1,58
1090.jpg,0,84
1091.jpg,2,73
1092.jpg,0,49
1093.jpg,1,12
1094.jpg,1,81
1095.jpg,2,64
1096.jpg,1,36
1097.jpg,0,39
1098.jpg,0,72
1099.jpg,0,0
1100.jpg,1,4
1101.jpg,2,24
1102.jpg,2,46
1103.jpg,0,37
1104.jpg,1,9
1105.jpg,0,66
1106.jpg,1,2
1107.jpg,1,11
1108.jpg,0,85
1109.jpg,2,38
1110.jpg,1,81
1111.jpg,1,17
1112.jpg,1,2
1113.jpg,0,84
1114.jpg,2,52
1115.jpg,0,88
1116.jpg,0,63
1117.jpg,0,54
1118.jpg,2,35
1119.jpg,2,42
1120.jpg,0,75
1121.jpg,2,21
1122.jpg,1,76
1123.jpg,1,83
1124.jpg,1,76
1125.jpg,1,12
1126.jpg,2,42
1127.jpg,1,16
1128.jpg,1,2
1129.jpg,2,24
1130.jpg,1,83
1131.jpg,1,11
1132.jpg,1,9
1133.jpg,0,85
1134.jpg,1,14
1135.jpg,1,17
1136.jpg,2,74
1137.jpg,2,20
1138.jpg,1,53
1139.jpg,1,58
1140.jpg,1,33
1141.jpg,2,10
1142.jpg,0,28
1143.jpg,2,71
1144.jpg,2,42
1145.jpg,1,2
1146.jpg,2,10
1147.jpg,1,58
1148.jpg,0,84
1149.jpg,2,24
1150.jpg,2,21
1151.jpg,2,61
1152.jpg,0,47
1153.jpg,1,82
1154.jpg,1,45
1155.jpg,2,7
1156.jpg,0,47
1157.jpg,1,22
1158.jpg,2,48
1159.jpg,0,26
1160.jpg,0,75
1161.jpg,0,39
1162.jpg,0,84
1163.jpg,2,71
1164.jpg,2,43
1165.jpg,0,57
1166.jpg,1,51
1167.jpg,1,16
1168.jpg,2,46
1169.jpg,2,43
1170.jpg,2,41
1171.jpg,1,44
1172.jpg,1,58
1173.jpg,0,72
1174.jpg,2,24
1175.jpg,0,39
1176.jpg,0,67
1177.jpg,2,32
1178.jpg,1,16
1179.jpg,2,13
1180.jpg,1,17
1181.jpg,0,79
1182.jpg,2,52
1183.jpg,1,33
1184.jpg,2,71
1185.jpg,0,57
1186.jpg,0,67
1187.jpg,2,20
1188.jpg,1,86
1189.jpg,0,80
1190.jpg,1,44
1191.jpg,2,74
1192.jpg,1,3
1193.jpg,2,32
1194.jpg,1,25
1195.jpg,2,35
1196.jpg,1,82
1197.jpg,0,57
1198.jpg,2,18
1199.jpg,1,86
1200.jpg,2,64
1201.jpg,1,22
1202.jpg,1,25
1203.jpg,2,13
1204.jpg,1,8
1205.jpg,2,71
1206.jpg,0,26
1207.jpg,2,50
1208.jpg,2,74
1209.jpg,1,33
1210.jpg,0,85
1211.jpg,1,12
1212.jpg,2,24
1213.jpg,0,59
1214.jpg,1,22
1215.jpg,1,44
1216.jpg,2,42
1217.jpg,2,23
1218.jpg,2,71
1219.jpg,1,30
1220.jpg,0,31
1221.jpg,1,86
1222.jpg,0,34
1223.jpg,2,78
1224.jpg,2,35
1225.jpg,0,88
1226.jpg,0,88
1227.jpg,0,80
1228.jpg,2,32
1229.jpg,0,31
1230.jpg,1,2
1231.jpg,0,49
1232.jpg,1,56
1233.jpg,2,7
1234.jpg,0,55
1235.jpg,0,34
1236.jpg,0,72
1237.jpg,0,55
1238.jpg,2,38
1239.jpg,1,22
1240.jpg,0,85
1241.jpg,0,57
1242.jpg,0,26
1243.jpg,0,0
1244.jpg,0,55
1245.jpg,1,76
1246.jpg,1,45
1247.jpg,1,81
1248.jpg,1,3
1249.jpg,2,48
1250.jpg,2,64
1251.jpg,0,70
1252.jpg,0,85
1253.jpg,1,8
1254.jpg,0,84
1255.jpg,1,12
1256.jpg,2,43
1257.jpg,2,27
1258.jpg,2,71
1259.jpg,2,43
1260.jpg,1,45
1261.jpg,0,47
1262.jpg,1,3
1263.jpg,2,24
1264.jpg,0,39
1265.jpg,0,15
1266.jpg,0,79
1267.jpg,1,69
1268.jpg,1,2
1269.jpg,1,2
1270.jpg,2,7
1271.jpg,2,7
1272.jpg,0,15
1273.jpg,1,86
1274.jpg,0,60
1275.jpg,1,11
1276.jpg,1,4
1277.jpg,2,6
1278.jpg,0,54
1279.jpg,1,4
1280.jpg,2,29
1281.jpg,1,58
1282.jpg,1,53
1283.jpg,0,66
1284.jpg,2,7
1285.jpg,0,79
1286.jpg,1,3
1287.jpg,2,23
1288.jpg,0,79
1289.jpg,1,53
1290.jpg,2,35
1291.jpg,0,70
1292.jpg,2,41
1293.jpg,0,47
1294.jpg,2,46
1295.jpg,1,12
1296.jpg,0,80
1297.jpg,1,3
1298.jpg,0,70
1299.jpg,2,43
1300.jpg,1,86
1301.jpg,2,52
1302.jpg,0,40
1303.jpg,2,74
1304.jpg,0,70
1305.jpg,1,4
1306.jpg,1,22
1307.jpg,1,51
1308.jpg,0,19
1309.jpg,2,43
1310.jpg,2,41
1311.jpg,1,86
1312.jpg,2,64
1313.jpg,0,62
1314.jpg,1,11
1315.jpg,2,48
1316.jpg,1,12
1317.jpg,2,77
1318.jpg,2,42
1319.jpg,1,16
1320.jpg,2,71
1321.jpg,1,22
1322.jpg,2,71
1323.jpg,1,33
1324.jpg,2,29
1325.jpg,0,47
1326.jpg,0,19
1327.jpg,2,68
1328.jpg,1,11
1329.jpg,1,11
1330.jpg,2,24
1331.jpg,0,31
1332.jpg,1,22
1333.jpg,2,78
1334.jpg,2,13
1335.jpg,2,78
1336.jpg,1,58
1337.jpg,1,4
1338.jpg,1,36
1339.jpg,2,18
1340.jpg,2,32
1341.jpg,1,30
1342.jpg,1,45
1343.jpg,2,7
1344.jpg,2,64
1345.jpg,1,69
1346.jpg,0,1
1347.jpg,0,55
1348.jpg,0,39
1349.jpg,2,50
1350.jpg,2,41
1351.jpg,2,48
1352.jpg,2,24
1353.jpg,2,32
1354.jpg,2,21
1355.jpg,1,14
1356.jpg,0,62
1357.jpg,2,21
1358.jpg,2,43
1359.jpg,0,88
1360.jpg,2,23
1361.jpg,2,23
1362.jpg,2,35
1363.jpg,2,71
1364.jpg,1,11
1365.jpg,1,82
1366.jpg,0,47
1367.jpg,1,3
1368.jpg,1,51
1369.jpg,1,53
1370.jpg,0,72
1371.jpg,2,38
1372.jpg,1,2
1373.jpg,2,43
1374.jpg,2,10
1375.jpg,1,69
1376.jpg,0,85
1377.jpg,0,55
1378.jpg,1,81
1379.jpg,0,28
1380.jpg,2,18
1381.jpg,2,41
1382.jpg,0,28
1383.jpg,0,79
1384.jpg,2,42
1385.jpg,2,13
1386.jpg,0,88
1387.jpg,1,58
1388.jpg,0,84
1389.jpg,2,23
1390.jpg,2,48
1391.jpg,0,84
1392.jpg,1,33
1393.jpg,2,27
1394.jpg,0,1
1395.jpg,2,10
1396.jpg,0,31
1397.jpg,1,56
1398.jpg,2,43
1399.jpg,0,60
1400.jpg,2,52
1401.jpg,1,58
1402.jpg,0,39
1403.jpg,1,81
1404.jpg,2,29
1405.jpg,2,46
1406.jpg,2,48
1407.jpg,2,78
1408.jpg,0,63
1409.jpg,2,32
1410.jpg,2,74
1411.jpg,2,77
1412.jpg,0,31
1413.jpg,1,86
1414.jpg,2,29
1415.jpg,1,12
1416.jpg,0,47
1417.jpg,2,32
1418.jpg,0,85
1419.jpg,2,43
1420.jpg,2,24
1421.jpg,1,36
1422.jpg,1,33
1423.jpg,1,58
1424.jpg,0,39
1425.jpg,0,57
1426.jpg,1,9
1427.jpg,0,67
1428.jpg,2,13
1429.jpg,0,57
1430.jpg,2,64
1431.jpg,0,19
1432.jpg,1,2
1433.jpg,1,9
1434.jpg,0,70
1435.jpg,0,85
1436.jpg,2,6
1437.jpg,0,31
1438.jpg,1,30
1439.jpg,1,76
1440.jpg,0,75
1441.jpg,2,21
1442.jpg,1,30
1443.jpg,2,32
1444.jpg,2,13
1445.jpg,1,56
1446.jpg,2,27
1447.jpg,0,88
1448.jpg,0,84
1449.jpg,1,58
1450.jpg,0,26
1451.jpg,2,61
1452.jpg,2,32
1453.jpg,2,20
1454.jpg,2,7
1455.jpg,0,75
1456.jpg,1,51
1457.jpg,2,18
1458.jpg,1,33
1459.jpg,2,43
1460.jpg,2,68
1461.jpg,2,43
1462.jpg,0,60
1463.jpg,2,52
1464.jpg,2,71
1465.jpg,2,27
1466.jpg,1,3
1467.jpg,1,76
1468.jpg,2,41
1469.jpg,2,73
1470.jpg,2,13
1471.jpg,1,51
1472.jpg,2,35
1473.jpg,0,37
1474.jpg,0,47
1475.jpg,1,17
1476.jpg,2,13
1477.jpg,2,6
1478.jpg,0,84
1479.jpg,1,2
1480.jpg,1,12
1481.jpg,0,66
1482.jpg,1,45
1483.jpg,2,29
1484.jpg,1,9
1485.jpg,0,70
1486.jpg,1,14
1487.jpg,0,47
1488.jpg,0,39
1489.jpg,1,14
1490.jpg,1,30
1491.jpg,2,61
1492.jpg,2,64
1493.jpg,2,43
1494.jpg,0,0
1495.jpg,1,83
1496.jpg,1,12
1497.jpg,2,61
1498.jpg,0,84
1499.jpg,1,53
1500.jpg,1,82
1501.jpg,1,45
1502.jpg,1,83
1503.jpg,1,82
1504.jpg,0,54
1505.jpg,0,54
1506.jpg,2,73
1507.jpg,1,3
1508.jpg,1,22
1509.jpg,2,38
1510.jpg,1,86
1511.jpg,0,0
1512.jpg,2,38
1513.jpg,0,26
1514.jpg,1,11
1515.jpg,0,28
1516.jpg,2,7
1517.jpg,1,3
1518.jpg,1,76
1519.jpg,0,37
1520.jpg,1,17
1521.jpg,2,20
1522.jpg,0,28
1523.jpg,0,57
1524.jpg,1,8
1525.jpg,0,55
1526.jpg,2,48
1527.jpg,2,38
1528.jpg,1,2
1529.jpg,1,44
1530.jpg,2,77
1531.jpg,2,71
1532.jpg,0,47
1533.jpg,2,42
1534.jpg,1,3
1535.jpg,2,7
1536.jpg,1,36
1537.jpg,0,60
1538.jpg,0,47
1539.jpg,1,58
1540.jpg,2,43
1541.jpg,2,71
1542.jpg,2,65
1543.jpg,2,29
1544.jpg,0,63
1545.jpg,0,31
1546.jpg,2,71
1547.jpg,2,20
1548.jpg,2,24
1549.jpg,2,24
1550.jpg,0,0
1551.jpg,2,52
1552.jpg,0,37
1553.jpg,1,76
1554.jpg,2,50
1555.jpg,0,19
1556.jpg,1,4
1557.jpg,2,20
1558.jpg,1,44
1559.jpg,1,45
1560.jpg,0,55
1561.jpg,1,5
1562.jpg,0,85
1563.jpg,2,48
1564.jpg,1,76
1565.jpg,2,61
1566.jpg,0,57
1567.jpg,1,3
1568.jpg,2,24
1569.jpg,1,76
1570.jpg,0,26
1571.jpg,2,52
1572.jpg,2,23
1573.jpg,0,31
1574.jpg,0,19
1575.jpg,0,85
1576.jpg,1,30
1577.jpg,1,17
1578.jpg,1,56
1579.jpg,1,9
1580.jpg,0,70
1581.jpg,0,49
1582.jpg,1,11
1583.jpg,1,56
1584.jpg,2,65
1585.jpg,0,15
1586.jpg,2,52
1587.jpg,2,23
1588.jpg,2,43
1589.jpg,2,46
1590.jpg,0,62
1591.jpg,2,27
1592.jpg,2,48
1593.jpg,1,3
1594.jpg,2,23
1595.jpg,2,21
1596.jpg,2,61
1597.jpg,1,81
1598.jpg,1,12
1599.jpg,1,33
1600.jpg,1,22
1601.jpg,1,45
1602.jpg,1,33
1603.jpg,1,3
1604.jpg,1,3
1605.jpg,0,70
1606.jpg,0,1
1607.jpg,2,21
1608.jpg,0,62
1609.jpg,2,23
1610.jpg,1,33
1611.jpg,2,6
1612.jpg,2,27
1613.jpg,0,19
1614.jpg,1,33
1615.jpg,2,41
1616.jpg,0,66
1617.jpg,0,62
1618.jpg,0,60
1619.jpg,0,19
1620.jpg,1,86
1621.jpg,1,86
1622.jpg,0,67
1623.jpg,0,67
1624.jpg,1,3
1625.jpg,0,55
1626.jpg,1,14
1627.jpg,2,7
1628.jpg,0,31
1629.jpg,2,42
1630.jpg,1,86
1631.jpg,1,53
1632.jpg,1,53
1633.jpg,2,64
1634.jpg,2,21
1635.jpg,2,20
1636.jpg,0,59
1637.jpg,1,33
1638.jpg,1,83
1639.jpg,2,78
1640.jpg,2,77
1641.jpg,1,16
1642.jpg,1,76
1643.jpg,0,75
1644.jpg,1,33
1645.jpg,1,2
1646.jpg,0,57
1647.jpg,2,42
1648.jpg,2,18
1649.jpg,2,23
1650.jpg,1,30
1651.jpg,2,23
1652.jpg,1,5
1653.jpg,2,65
1654.jpg,1,5
1655.jpg,2,68
1656.jpg,1,56
1657.jpg,0,34
1658.jpg,0,75
1659.jpg,2,68
1660.jpg,2,74
1661.jpg,0,40
1662.jpg,2,27
1663.jpg,0,39
1664.jpg,2,61
1665.jpg,2,27
1666.jpg,1,25
1667.jpg,2,42
1668.jpg,1,17
1669.jpg,0,57
1670.jpg,2,78
1671.jpg,2,41
1672.jpg,1,8
1673.jpg,0,28
1674.jpg,0,47
1675.jpg,0,57
1676.jpg,0,62
1677.jpg,2,13
1678.jpg,2,27
1679.jpg,1,22
1680.jpg,2,42
1681.jpg,1,16
1682.jpg,2,18
1683.jpg,0,19
1684.jpg,1,16
1685.jpg,1,17
1686.jpg,0,47
1687.jpg,2,7
1688.jpg,1,81
1689.jpg,1,86
1690.jpg,1,76
1691.jpg,2,74
1692.jpg,2,41
1693.jpg,1,17
1694.jpg,1,76
1695.jpg,1,58
1696.jpg,1,51
1697.jpg,2,61
1698.jpg,0,26
1699.jpg,1,3
1700.jpg,2,73
1701.jpg,0,19
1702.jpg,2,42
1703.jpg,2,13
1704.jpg,1,51
1705.jpg,0,85
1706.jpg,2,27
1707.jpg,2,68
1708.jpg,0,19
1709.jpg,2,24
1710.jpg,0,70
1711.jpg,2,43
1712.jpg,1,58
1713.jpg,2,41
1714.jpg,0,60
1715.jpg,0,34
1716.jpg,1,12
1717.jpg,1,53
1718.jpg,0,31
1719.jpg,1,58
1720.jpg,1,25
1721.jpg,2,10
1722.jpg,2,52
1723.jpg,0,85
1724.jpg,1,22
1725.jpg,2,24
1726.jpg,0,47
1727.jpg,1,9
1728.jpg,0,55
1729.jpg,2,77
1730.jpg,0,31
1731.jpg,1,14
1732.jpg,2,52
1733.jpg,0,15
1734.jpg,0,84
1735.jpg,0,55
1736.jpg,0,63
1737.jpg,1,33
1738.jpg,0,19
1739.jpg,0,80
1740.jpg,1,58
1741.jpg,2,71
1742.jpg,2,27
1743.jpg,1,3
1744.jpg,0,37
1745.jpg,2,43
1746.jpg,1,11
1747.jpg,1,51
1748.jpg,2,24
1749.jpg,1,16
1750.jpg,0,47
1751.jpg,0,39
1752.jpg,0,37
1753.jpg,2,65
1754.jpg,2,7
1755.jpg,2,32
1756.jpg,1,44
1757.jpg,0,66
1758.jpg,1,58
1759.jpg,2,61
1760.jpg,1,33
1761.jpg,2,42
1762.jpg,0,80
1763.jpg,2,64
1764.jpg,1,12
1765.jpg,1,53
1766.jpg,2,7
1767.jpg,0,37
1768.jpg,2,13
1769.jpg,2,48
1770.jpg,2,35
1771.jpg,2,20
1772.jpg,2,27
1773.jpg,2,61
1774.jpg,0,31
1775.jpg,2,23
1776.jpg,2,23
1777.jpg,0,67
1778.jpg,1,25
1779.jpg,2,38
1780.jpg,2,35
1781.jpg,0,28
1782.jpg,0,57
1783.jpg,2,61
1784.jpg,0,39
1785.jpg,0,19
1786.jpg,0,26
1787.jpg,1,11
1788.jpg,2,71
1789.jpg,2,35
1790.jpg,2,21
1791.jpg,0,79
1792.jpg,1,83
1793.jpg,2,48
1794.jpg,1,2
1795.jpg,2,61
1796.jpg,0,0
1797.jpg,1,2
1798.jpg,2,10
1799.jpg,1,45
1800.jpg,1,25
1801.jpg,2,78
1802.jpg,0,63
1803.jpg,1,87
1804.jpg,0,37
1805.jpg,0,26
1806.jpg,2,71
1807.jpg,1,45
1808.jpg,2,52
1809.jpg,0,79
1810.jpg,2,68
1811.jpg,2,41
1812.jpg,1,56
1813.jpg,0,57
1814.jpg,0,39
1815.jpg,2,18
1816.jpg,2,48
1817.jpg,2,74
1818.jpg,1,76
1819.jpg,1,45
1820.jpg,2,21
1821.jpg,2,64
1822.jpg,0,75
1823.jpg,1,16
1824.jpg,0,60
1825.jpg,1,4
1826.jpg,1,11
1827.jpg,1,76
1828.jpg,0,26
1829.jpg,1,81
1830.jpg,2,35
1831.jpg,2,38
1832.jpg,2,20
1833.jpg,0,85
1834.jpg,2,64
1835.jpg,1,81
1836.jpg,1,86
1837.jpg,1,83
1838.jpg,0,49
1839.jpg,1,12
1840.jpg,2,24
1841.jpg,0,55
1842.jpg,2,71
1843.jpg,0,79
1844.jpg,2,48
1845.jpg,1,4
1846.jpg,2,42
1847.jpg,2,61
1848.jpg,1,25
1849.jpg,0,34
1850.jpg,1,82
1851.jpg,1,82
1852.jpg,1,69
1853.jpg,0,62
1854.jpg,0,37
1855.jpg,2,35
1856.jpg,0,55
1857.jpg,1,58
1858.jpg,0,34
1859.jpg,2,64
1860.jpg,1,58
1861.jpg,1,76
1862.jpg,2,50
1863.jpg,1,9
1864.jpg,2,73
1865.jpg,1,87
1866.jpg,0,34
1867.jpg,2,71
1868.jpg,2,61
1869.jpg,0,31
1870.jpg,1,22
1871.jpg,1,53
1872.jpg,0,39
1873.jpg,1,81
1874.jpg,1,8
1875.jpg,2,50
1876.jpg,2,43
1877.jpg,1,58
1878.jpg,0,1
1879.jpg,2,77
1880.jpg,1,3
1881.jpg,1,86
1882.jpg,2,35
1883.jpg,2,13
1884.jpg,1,82
1885.jpg,2,7
1886.jpg,2,65
1887.jpg,2,65
1888.jpg,2,41
1889.jpg,1,8
1890.jpg,1,12
1891.jpg,0,67
1892.jpg,2,42
1893.jpg,2,18
1894.jpg,2,48
1895.jpg,1,22
1896.jpg,2,32
1897.jpg,0,79
1898.jpg,2,64
1899.jpg,1,22
1900.jpg,0,62
1901.jpg,1,58
1902.jpg,2,35
1903.jpg,1,56
1904.jpg,2,71
1905.jpg,1,69
1906.jpg,2,61
1907.jpg,0,15
1908.jpg,2,35
1909.jpg,2,24
1910.jpg,2,38
1911.jpg,2,32
1912.jpg,2,13
1913.jpg,1,5
1914.jpg,1,82
1915.jpg,0,84
1916.jpg,0,84
1917.jpg,0,67
1918.jpg,1,83
1919.jpg,0,70
1920.jpg,1,30
1921.jpg,0,31
1922.jpg,2,46
1923.jpg,2,52
1924.jpg,2,32
1925.jpg,1,4
1926.jpg,1,3
1927.jpg,0,63
1928.jpg,0,79
1929.jpg,0,57
1930.jpg,2,7
1931.jpg,1,16
1932.jpg,0,84
1933.jpg,0,54
1934.jpg,2,41
1935.jpg,0,67
1936.jpg,1,3
1937.jpg,1,44
1938.jpg,1,14
1939.jpg,1,3
1940.jpg,0,75
1941.jpg,1,81
1942.jpg,1,56
1943.jpg,1,9
1944.jpg,0,1
1945.jpg,1,56
1946.jpg,2,29
1947.jpg,1,53
1948.jpg,2,24
1949.jpg,0,39
1950.jpg,1,17
1951.jpg,2,27
1952.jpg,0,60
1953.jpg,1,22
1954.jpg,1,56
1955.jpg,0,72
1956.jpg,2,50
1957.jpg,0,1
1958.jpg,2,43
1959.jpg,1,14
1960.jpg,1,83
1961.jpg,2,73
1962.jpg,2,48
1963.jpg,1,17
1964.jpg,2,61
1965.jpg,2,13
1966.jpg,0,57
1967.jpg,1,83
1968.jpg,0,0
1969.jpg,0,84
1970.jpg,1,22
1971.jpg,2,73
1972.jpg,2,73
1973.jpg,1,12
1974.jpg,2,21
1975.jpg,1,69
1976.jpg,1,53
1977.jpg,1,36
1978.jpg,1,69
1979.jpg,2,6
1980.jpg,1,76
1981.jpg,2,29
1982.jpg,2,78
1983.jpg,2,23
1984.jpg,0,85
1985.jpg,2,21
1986.jpg,0,84
1987.jpg,0,67
1988.jpg,1,30
1989.jpg,0,67
1990.jpg,1,16
1991.jpg,0,72
1992.jpg,1,5
1993.jpg,0,0
1994.jpg,2,48
1995.jpg,1,58
1996.jpg,2,27
1997.jpg,1,33
1998.jpg,1,86
1999.jpg,2,13
2000.jpg,0,55
2001.jpg,0,19
2002.jpg,0,63
2003.jpg,2,61
2004.jpg,2,68
2005.jpg,1,12
2006.jpg,0,0
2007.jpg,2,24
2008.jpg,2,43
2009.jpg,0,63
2010.jpg,1,58
2011.jpg,1,3
2012.jpg,0,15
2013.jpg,2,32
2014.jpg,2,74
2015.jpg,0,28
2016.jpg,2,41
2017.jpg,0,84
2018.jpg,0,39
2019.jpg,2,21
2020.jpg,1,3
2021.jpg,0,54
2022.jpg,2,27
2023.jpg,1,56
2024.jpg,1,82
2025.jpg,0,19
2026.jpg,2,64
2027.jpg,0,80
2028.jpg,0,39
2029.jpg,0,28
2030.jpg,1,22
2031.jpg,1,12
2032.jpg,1,76
2033.jpg,2,38
2034.jpg,1,44
2035.jpg,1,51
2036.jpg,2,41
2037.jpg,2,13
2038.jpg,2,52
2039.jpg,1,82
2040.jpg,0,28
2041.jpg,1,3
2042.jpg,0,70
2043.jpg,2,46
2044.jpg,1,5
2045.jpg,2,38
2046.jpg,0,85
2047.jpg,0,63
2048.jpg,1,36
2049.jpg,2,32
2050.jpg,1,2
2051.jpg,1,81
2052.jpg,0,84
2053.jpg,2,20
2054.jpg,0,47
2055.jpg,2,65
2056.jpg,0,55
2057.jpg,2,64
2058.jpg,0,55
2059.jpg,0,26
2060.jpg,0,57
2061.jpg,2,68
2062.jpg,2,41
2063.jpg,0,0
2064.jpg,0,31
2065.jpg,0,67
2066.jpg,2,52
2067.jpg,2,64
2068.jpg,0,47
2069.jpg,2,46
2070.jpg,1,86
2071.jpg,0,31
2072.jpg,2,35
2073.jpg,2,10
2074.jpg,2,64
2075.jpg,0,40
2076.jpg,2,20
2077.jpg,1,76
2078.jpg,1,44
2079.jpg,2,77
2080.jpg,0,80
2081.jpg,1,16
2082.jpg,1,4
2083.jpg,0,54
2084.jpg,0,84
2085.jpg,1,83
2086.jpg,2,27
2087.jpg,1,36
2088.jpg,0,59
2089.jpg,2,23
2090.jpg,2,42
2091.jpg,2,77
2092.jpg,1,76
2093.jpg,2,35
2094.jpg,2,42
2095.jpg,1,2
2096.jpg,1,76
2097.jpg,2,21
2098.jpg,1,81
2099.jpg,1,25
2100.jpg,2,64
2101.jpg,0,31
2102.jpg,1,81
2103.jpg,1,11
2104.jpg,1,22
2105.jpg,0,49
2106.jpg,0,47
2107.jpg,2,18
2108.jpg,0,40
2109.jpg,1,58
2110.jpg,0,72
2111.jpg,0,47
2112.jpg,1,14
2113.jpg,1,81
2114.jpg,2,52
2115.jpg,2,52
2116.jpg,1,22
2117.jpg,0,55
2118.jpg,1,4
2119.jpg,1,76
2120.jpg,0,67
2121.jpg,2,61
2122.jpg,2,23
2123.jpg,2,77
2124.jpg,0,85
2125.jpg,1,25
2126.jpg,2,42
2127.jpg,1,22
2128.jpg,1,9
2129.jpg,1,56
2130.jpg,2,32
2131.jpg,0,39
2132.jpg,1,44
2133.jpg,1,76
2134.jpg,1,25
2135.jpg,2,46
2136.jpg,2,73
2137.jpg,2,52
2138.jpg,2,20
2139.jpg,0,47
2140.jpg,1,56
2141.jpg,1,30
2142.jpg,0,26
2143.jpg,2,78
2144.jpg,1,11
2145.jpg,0,34
2146.jpg,1,56
2147.jpg,2,52
2148.jpg,0,79
2149.jpg,2,20
2150.jpg,2,20
2151.jpg,1,56
2152.jpg,0,85
2153.jpg,2,7
2154.jpg,1,4
2155.jpg,1,86
2156.jpg,2,29
2157.jpg,0,70
2158.jpg,2,7
2159.jpg,1,51
2160.jpg,2,24
2161.jpg,1,4
2162.jpg,2,24
2163.jpg,1,22
2164.jpg,1,9
2165.jpg,2,50
2166.jpg,1,8
2167.jpg,0,62
2168.jpg,2,48
2169.jpg,2,13
2170.jpg,0,19
2171.jpg,1,25
2172.jpg,0,67
2173.jpg,1,14
2174.jpg,1,12
2175.jpg,1,30
2176.jpg,2,48
2177.jpg,1,14
2178.jpg,1,17
2179.jpg,1,33
2180.jpg,2,41
2181.jpg,2,50
2182.jpg,2,23
2183.jpg,0,63
2184.jpg,2,74
2185.jpg,0,31
2186.jpg,0,63
2187.jpg,1,51
2188.jpg,0,57
2189.jpg,2,52
2190.jpg,1,2
2191.jpg,1,8
2192.jpg,2,23
2193.jpg,0,40
2194.jpg,1,11
2195.jpg,1,4
2196.jpg,0,47
2197.jpg,2,27
2198.jpg,2,7
2199.jpg,0,57
2200.jpg,1,11
2201.jpg,2,18
2202.jpg,1,22
2203.jpg,2,41
2204.jpg,1,51
2205.jpg,1,86
2206.jpg,0,1
2207.jpg,0,55
2208.jpg,2,10
2209.jpg,1,86
2210.jpg,2,7
2211.jpg,1,56
2212.jpg,1,30
2213.jpg,0,57
2214.jpg,2,74
2215.jpg,0,47
2216.jpg,0,67
2217.jpg,0,28
2218.jpg,1,3
2219.jpg,1,3
2220.jpg,2,65
2221.jpg,2,10
2222.jpg,1,22
2223.jpg,2,77
2224.jpg,2,6
2225.jpg,0,15
2226.jpg,2,35
2227.jpg,2,20
2228.jpg,1,30
2229.jpg,1,33
2230.jpg,2,42
2231.jpg,0,19
2232.jpg,1,17
2233.jpg,0,31
2234.jpg,1,56
2235.jpg,2,13
2236.jpg,1,30
2237.jpg,0,37
2238.jpg,2,20
2239.jpg,2,50
2240.jpg,2,71
2241.jpg,2,68
2242.jpg,2,23
2243.jpg,1,83
2244.jpg,1,4
2245.jpg,2,32
2246.jpg,0,80
2247.jpg,0,80
2248.jpg,0,31
2249.jpg,1,9
2250.jpg,1,11
2251.jpg,2,10
2252.jpg,2,20
2253.jpg,2,21
2254.jpg,0,67
2255.jpg,0,63
2256.jpg,0,79
2257.jpg,0,63
2258.jpg,2,27
2259.jpg,1,53
2260.jpg,2,43
2261.jpg,0,31
2262.jpg,2,35
2263.jpg,1,83
2264.jpg,0,88
2265.jpg,0,59
2266.jpg,2,46
2267.jpg,2,46
2268.jpg,2,43
2269.jpg,0,67
2270.jpg,0,66
2271.jpg,1,3
2272.jpg,2,48
2273.jpg,2,64
2274.jpg,2,61
2275.jpg,0,49
2276.jpg,1,8
2277.jpg,2,64
2278.jpg,2,43
2279.jpg,0,1
2280.jpg,1,83
2281.jpg,1,58
2282.jpg,2,48
2283.jpg,0,88
2284.jpg,2,43
2285.jpg,0,57
2286.jpg,2,65
2287.jpg,1,25
2288.jpg,1,53
2289.jpg,2,48
2290.jpg,0,57
2291.jpg,0,54
2292.jpg,1,17
2293.jpg,1,45
2294.jpg,0,84
2295.jpg,0,31
2296.jpg,2,24
2297.jpg,2,18
2298.jpg,2,42
2299.jpg,0,31
2300.jpg,0,31
2301.jpg,2,24
2302.jpg,2,13
2303.jpg,1,11
2304.jpg,1,3
2305.jpg,0,19
2306.jpg,0,85
2307.jpg,0,37
2308.jpg,1,81
2309.jpg,1,51
2310.jpg,2,64
2311.jpg,2,27
2312.jpg,0,28
2313.jpg,1,56
2314.jpg,2,52
2315.jpg,0,19
2316.jpg,1,8
2317.jpg,1,8
2318.jpg,1,33
2319.jpg,1,36
2320.jpg,1,22
2321.jpg,0,66
2322.jpg,1,2
2323.jpg,0,40
2324.jpg,1,69
2325.jpg,0,57
2326.jpg,0,80
2327.jpg,0,70
2328.jpg,1,22
2329.jpg,2,52
2330.jpg,0,0
2331.jpg,0,19
2332.jpg,1,69
2333.jpg,0,55
2334.jpg,1,33
2335.jpg,1,2
2336.jpg,2,61
2337.jpg,2,21
2338.jpg,2,64
2339.jpg,2,27
2340.jpg,1,30
2341.jpg,1,5
2342.jpg,0,72
2343.jpg,0,80
2344.jpg,0,57
2345.jpg,1,11
2346.jpg,2,20
2347.jpg,2,43
2348.jpg,0,62
2349.jpg,2,35
2350.jpg,0,19
2351.jpg,0,84
2352.jpg,0,60
2353.jpg,0,66
2354.jpg,1,56
2355.jpg,1,16
2356.jpg,0,55
2357.jpg,0,54
2358.jpg,2,41
2359.jpg,0,62
2360.jpg,0,63
2361.jpg,0,34
2362.jpg,2,52
2363.jpg,1,8
2364.jpg,1,3
2365.jpg,0,85
2366.jpg,1,30
2367.jpg,0,72
2368.jpg,2,35
2369.jpg,2,20
2370.jpg,0,88
2371.jpg,2,65
2372.jpg,0,75
2373.jpg,1,76
2374.jpg,0,28
2375.jpg,2,23
2376.jpg,2,43
2377.jpg,2,41
2378.jpg,2,43
2379.jpg,0,84
2380.jpg,1,36
2381.jpg,2,48
2382.jpg,1,14
2383.jpg,2,6
2384.jpg,1,12
2385.jpg,0,37
2386.jpg,2,32
2387.jpg,1,58
2388.jpg,0,59
2389.jpg,0,1
2390.jpg,2,46
2391.jpg,2,48
2392.jpg,1,33
2393.jpg,2,23
2394.jpg,1,87
2395.jpg,0,26
2396.jpg,1,3
2397.jpg,1,4
2398.jpg,1,17
2399.jpg,1,30
2400.jpg,2,42
2401.jpg,1,45
2402.jpg,1,3
2403.jpg,1,5
2404.jpg,1,58
2405.jpg,2,27
2406.jpg,1,82
2407.jpg,2,10
2408.jpg,2,13
2409.jpg,2,18
2410.jpg,1,30
2411.jpg,1,22
2412.jpg,0,55
2413.jpg,1,16
2414.jpg,1,4
2415.jpg,0,28
2416.jpg,0,47
2417.jpg,1,76
2418.jpg,1,87
2419.jpg,2,32
2420.jpg,2,71
2421.jpg,1,25
2422.jpg,1,87
2423.jpg,0,62
2424.jpg,0,70
2425.jpg,2,78
2426.jpg,1,56
2427.jpg,1,45
2428.jpg,2,42
2429.jpg,1,22
2430.jpg,1,58
2431.jpg,1,30
2432.jpg,1,53
2433.jpg,0,1
2434.jpg,1,2
2435.jpg,2,27
2436.jpg,0,85
2437.jpg,0,80
2438.jpg,2,13
2439.jpg,0,55
2440.jpg,2,52
2441.jpg,2,61
2442.jpg,1,17
2443.jpg,2,20
2444.jpg,1,33
2445.jpg,2,61
2446.jpg,2,20
2447.jpg,0,84
2448.jpg,2,64
2449.jpg,1,86
2450.jpg,2,61
2451.jpg,1,3
2452.jpg,0,49
2453.jpg,2,74
2454.jpg,2,27
2455.jpg,2,21
2456.jpg,1,81
2457.jpg,1,87
2458.jpg,1,33
2459.jpg,1,25
2460.jpg,2,24
2461.jpg,0,37
2462.jpg,0,59
2463.jpg,2,21
2464.jpg,2,29
2465.jpg,0,0
2466.jpg,2,42
2467.jpg,0,1
2468.jpg,1,51
2469.jpg,0,31
2470.jpg,2,41
2471.jpg,2,6
2472.jpg,1,51
2473.jpg,1,56
2474.jpg,2,77
2475.jpg,2,71
2476.jpg,2,7
2477.jpg,0,39
2478.jpg,1,44
2479.jpg,0,39
2480.jpg,0,67
2481.jpg,0,0
2482.jpg,1,81
2483.jpg,2,38
2484.jpg,2,38
2485.jpg,2,18
2486.jpg,0,59
2487.jpg,1,76
2488.jpg,1,8
2489.jpg,2,29
2490.jpg,2,48
2491.jpg,0,0
2492.jpg,0,84
2493.jpg,1,44
2494.jpg,0,88
2495.jpg,2,61
2496.jpg,1,69
2497.jpg,1,22
2498.jpg,0,66
2499.jpg,1,16
2500.jpg,2,46
2501.jpg,2,24
2502.jpg,1,9
2503.jpg,2,68
2504.jpg,0,34
2505.jpg,2,20
2506.jpg,2,77
2507.jpg,0,55
2508.jpg,0,31
2509.jpg,1,56
2510.jpg,1,11
2511.jpg,2,20
2512.jpg,1,30
2513.jpg,1,69
2514.jpg,2,32
2515.jpg,2,13
2516.jpg,2,20
2517.jpg,0,47
2518.jpg,1,36
2519.jpg,2,71
2520.jpg,1,8
2521.jpg,0,79
2522.jpg,1,69
2523.jpg,0,28
2524.jpg,2,13
2525.jpg,1,2
2526.jpg,0,75
2527.jpg,2,23
2528.jpg,2,32
2529.jpg,0,67
2530.jpg,1,30
2531.jpg,2,61
2532.jpg,2,68
2533.jpg,2,6
2534.jpg,2,20
2535.jpg,0,47
2536.jpg,1,22
2537.jpg,1,8
2538.jpg,2,7
2539.jpg,1,69
2540.jpg,1,22
2541.jpg,2,27
2542.jpg,1,17
2543.jpg,1,11
2544.jpg,1,58
2545.jpg,1,30
2546.jpg,2,52
2547.jpg,0,60
2548.jpg,0,66
2549.jpg,0,57
2550.jpg,0,47
2551.jpg,2,32
2552.jpg,2,64
2553.jpg,1,82
2554.jpg,0,88
2555.jpg,1,82
2556.jpg,0,67
2557.jpg,0,62
2558.jpg,1,14
2559.jpg,0,47
2560.jpg,1,36
2561.jpg,0,19
2562.jpg,0,57
2563.jpg,1,14
2564.jpg,1,81
2565.jpg,1,22
2566.jpg,0,84
2567.jpg,2,50
2568.jpg,0,19
2569.jpg,2,23
2570.jpg,2,48
2571.jpg,0,67
2572.jpg,0,49
2573.jpg,1,9
2574.jpg,2,27
2575.jpg,1,76
2576.jpg,0,15
2577.jpg,1,22
2578.jpg,1,58
2579.jpg,1,30
2580.jpg,0,55
2581.jpg,0,37
2582.jpg,0,40
2583.jpg,1,11
2584.jpg,0,63
2585.jpg,2,27
2586.jpg,1,4
2587.jpg,0,57
2588.jpg,0,1
2589.jpg,2,71
2590.jpg,2,46
2591.jpg,2,71
2592.jpg,2,7
2593.jpg,2,32
2594.jpg,0,28
2595.jpg,2,52
2596.jpg,2,43
2597.jpg,2,61
2598.jpg,0,85
2599.jpg,1,4
2600.jpg,1,33
2601.jpg,0,1
2602.jpg,2,35
2603.jpg,0,15
2604.jpg,1,81
2605.jpg,2,35
2606.jpg,0,80
2607.jpg,1,81
2608.jpg,0,63
2609.jpg,1,58
2610.jpg,0,84
2611.jpg,1,11
2612.jpg,2,13
2613.jpg,2,32
2614.jpg,1,11
2615.jpg,0,28
2616.jpg,0,57
2617.jpg,2,27
2618.jpg,2,71
2619.jpg,0,55
2620.jpg,0,75
2621.jpg,0,34
2622.jpg,2,27
2623.jpg,0,57
2624.jpg,0,31
2625.jpg,2,24
2626.jpg,1,56
2627.jpg,2,65
2628.jpg,0,57
2629.jpg,0,63
2630.jpg,0,28
2631.jpg,1,56
2632.jpg,0,66
2633.jpg,1,81
2634.jpg,1,56
2635.jpg,2,48
2636.jpg,0,57
2637.jpg,1,82
2638.jpg,2,10
2639.jpg,0,47
2640.jpg,0,47
2641.jpg,2,77
2642.jpg,1,12
2643.jpg,0,1
2644.jpg,1,58
2645.jpg,0,26
2646.jpg,1,16
2647.jpg,0,31
2648.jpg,1,45
2649.jpg,0,85
2650.jpg,2,52
2651.jpg,2,46
2652.jpg,0,75
2653.jpg,1,22
2654.jpg,2,71
2655.jpg,2,43
2656.jpg,1,51
2657.jpg,2,18
2658.jpg,2,13
2659.jpg,0,1
2660.jpg,0,88
2661.jpg,1,44
2662.jpg,1,5
2663.jpg,2,52
2664.jpg,1,14
2665.jpg,1,2
2666.jpg,1,58
2667.jpg,2,6
2668.jpg,2,68
2669.jpg,2,21
2670.jpg,2,73
2671.jpg,1,53
2672.jpg,1,33
2673.jpg,2,27
2674.jpg,1,44
2675.jpg,2,35
2676.jpg,0,84
2677.jpg,1,36
2678.jpg,0,40
2679.jpg,2,43
2680.jpg,2,20
2681.jpg,0,28
2682.jpg,2,21
2683.jpg,2,64
2684.jpg,2,78
2685.jpg,0,40
2686.jpg,2,71
2687.jpg,2,7
2688.jpg,1,76
2689.jpg,1,87
2690.jpg,0,85
2691.jpg,1,3
2692.jpg,1,11
2693.jpg,2,20
2694.jpg,1,76
2695.jpg,2,42
2696.jpg,2,13
2697.jpg,2,65
2698.jpg,0,19
2699.jpg,2,78
2700.jpg,2,24
2701.jpg,1,36
2702.jpg,1,3
2703.jpg,1,51
2704.jpg,2,24
2705.jpg,1,22
2706.jpg,1,16
2707.jpg,2,73
2708.jpg,0,88
2709.jpg,2,20
2710.jpg,2,32
2711.jpg,1,12
2712.jpg,2,41
2713.jpg,1,58
2714.jpg,0,63
2715.jpg,1,51
2716.jpg,2,18
2717.jpg,1,14
2718.jpg,1,3
2719.jpg,1,76
2720.jpg,2,18
2721.jpg,0,47
2722.jpg,0,40
2723.jpg,0,75
2724.jpg,2,65
2725.jpg,2,29
2726.jpg,1,11
2727.jpg,1,22
2728.jpg,1,25
2729.jpg,0,67
2730.jpg,2,42
2731.jpg,1,3
2732.jpg,0,70
2733.jpg,1,11
2734.jpg,1,8
2735.jpg,2,24
2736.jpg,2,20
2737.jpg,2,21
2738.jpg,2,46
2739.jpg,1,87
2740.jpg,2,24
2741.jpg,1,82
2742.jpg,1,56
2743.jpg,0,85
2744.jpg,0,31
2745.jpg,0,67
2746.jpg,2,52
2747.jpg,2,29
2748.jpg,2,35
2749.jpg,2,21
2750.jpg,1,25
2751.jpg,0,0
2752.jpg,1,11
2753.jpg,0,37
2754.jpg,2,43
2755.jpg,2,78
2756.jpg,1,56
2757.jpg,2,71
2758.jpg,0,34
2759.jpg,0,59
2760.jpg,1,86
2761.jpg,2,77
2762.jpg,2,35
2763.jpg,1,58
2764.jpg,1,36
2765.jpg,0,84
2766.jpg,2,43
2767.jpg,2,20
2768.jpg,2,65
2769.jpg,2,42
2770.jpg,0,63
2771.jpg,2,74
2772.jpg,2,20
2773.jpg,2,23
2774.jpg,0,59
2775.jpg,1,2
2776.jpg,1,81
2777.jpg,1,58
2778.jpg,2,71
2779.jpg,2,42
2780.jpg,0,15
2781.jpg,0,1
2782.jpg,1,86
2783.jpg,1,25
2784.jpg,1,33
2785.jpg,0,85
2786.jpg,2,23
2787.jpg,0,60
2788.jpg,2,46
2789.jpg,1,76
2790.jpg,2,73
2791.jpg,2,42
2792.jpg,2,52
2793.jpg,1,53
2794.jpg,1,12
2795.jpg,1,33
2796.jpg,0,1
2797.jpg,2,64
2798.jpg,1,11
2799.jpg,2,71
2800.jpg,1,69
2801.jpg,1,69
2802.jpg,2,71
2803.jpg,2,71
2804.jpg,1,11
2805.jpg,0,34
2806.jpg,1,36
2807.jpg,1,16
2808.jpg,1,44
2809.jpg,1,83
2810.jpg,1,12
2811.jpg,0,70
2812.jpg,2,13
2813.jpg,2,43
2814.jpg,1,45
2815.jpg,2,13
2816.jpg,2,43
2817.jpg,1,3
2818.jpg,0,15
2819.jpg,1,14
2820.jpg,0,31
2821.jpg,2,27
2822.jpg,1,86
2823.jpg,1,2
2824.jpg,0,47
2825.jpg,2,46
2826.jpg,0,72
2827.jpg,1,4
2828.jpg,0,55
2829.jpg,1,56
2830.jpg,0,1
2831.jpg,2,65
2832.jpg,1,2
2833.jpg,1,44
2834.jpg,0,55
2835.jpg,2,18
2836.jpg,2,32
2837.jpg,0,84
2838.jpg,1,58
2839.jpg,1,56
2840.jpg,0,63
2841.jpg,1,83
2842.jpg,2,6
2843.jpg,0,85
2844.jpg,0,47
2845.jpg,1,76
2846.jpg,2,42
2847.jpg,0,88
2848.jpg,1,53
2849.jpg,2,61
2850.jpg,2,61
2851.jpg,1,17
2852.jpg,0,40
2853.jpg,1,12
2854.jpg,1,83
2855.jpg,2,21
2856.jpg,2,21
2857.jpg,2,74
2858.jpg,2,52
2859.jpg,1,58
2860.jpg,2,29
2861.jpg,2,77
2862.jpg,0,62
2863.jpg,0,62
2864.jpg,1,30
2865.jpg,0,0
2866.jpg,0,75
2867.jpg,0,1
2868.jpg,2,32
2869.jpg,2,18
2870.jpg,2,78
2871.jpg,1,2
2872.jpg,2,71
2873.jpg,0,40
2874.jpg,2,13
2875.jpg,2,77
2876.jpg,1,56
2877.jpg,1,22
2878.jpg,0,49
2879.jpg,2,32
2880.jpg,2,38
2881.jpg,0,60
2882.jpg,0,63
2883.jpg,1,33
2884.jpg,2,38
2885.jpg,1,58
2886.jpg,1,22
2887.jpg,1,22
2888.jpg,1,69
2889.jpg,1,76
2890.jpg,1,81
2891.jpg,2,21
2892.jpg,1,33
2893.jpg,0,75
2894.jpg,2,23
2895.jpg,0,55
2896.jpg,2,48
2897.jpg,0,72
2898.jpg,2,13
2899.jpg,2,27
2900.jpg,0,55
2901.jpg,0,28
2902.jpg,1,82
2903.jpg,0,15
2904.jpg,0,85
2905.jpg,2,64
2906.jpg,2,20
2907.jpg,2,42
2908.jpg,2,46
2909.jpg,2,32
2910.jpg,1,25
2911.jpg,1,69
2912.jpg,2,41
2913.jpg,2,65
2914.jpg,1,69
2915.jpg,1,11
2916.jpg,0,34
2917.jpg,2,78
2918.jpg,2,71
2919.jpg,2,35
2920.jpg,1,22
2921.jpg,1,4
2922.jpg,0,62
2923.jpg,2,24
2924.jpg,0,0
2925.jpg,0,40
2926.jpg,0,72
2927.jpg,1,17
2928.jpg,0,26
2929.jpg,1,9
2930.jpg,2,13
2931.jpg,2,48
2932.jpg,2,43
2933.jpg,2,29
2934.jpg,2,41
2935.jpg,2,43
2936.jpg,0,31
2937.jpg,0,37
2938.jpg,1,14
2939.jpg,2,27
2940.jpg,2,71
2941.jpg,2,48
2942.jpg,2,43
2943.jpg,1,30
2944.jpg,1,81
2945.jpg,0,55
2946.jpg,2,27
2947.jpg,1,69
2948.jpg,1,4
2949.jpg,2,68
2950.jpg,2,71
2951.jpg,1,4
2952.jpg,0,31
2953.jpg,1,56
2954.jpg,0,67
2955.jpg,0,80
2956.jpg,0,85
2957.jpg,2,7
2958.jpg,0,59
2959.jpg,0,84
2960.jpg,0,80
2961.jpg,0,85
2962.jpg,1,36
2963.jpg,2,23
2964.jpg,1,83
2965.jpg,2,64
2966.jpg,0,72
2967.jpg,0,47
2968.jpg,2,29
2969.jpg,1,87
2970.jpg,0,15
2971.jpg,0,19
2972.jpg,1,87
2973.jpg,2,74
2974.jpg,1,3
2975.jpg,0,31
2976.jpg,0,19
2977.jpg,1,86
2978.jpg,2,18
2979.jpg,1,11
2980.jpg,0,47
2981.jpg,0,15
2982.jpg,0,72
2983.jpg,1,82
2984.jpg,2,65
2985.jpg,0,85
2986.jpg,2,13
2987.jpg,1,86
2988.jpg,2,21
2989.jpg,2,27
2990.jpg,1,58
2991.jpg,2,77
2992.jpg,0,47
2993.jpg,0,84
2994.jpg,2,42
2995.jpg,1,11
2996.jpg,2,13
2997.jpg,2,35
2998.jpg,0,63
2999.jpg,1,76
3000.jpg,1,45
3001.jpg,1,4
3002.jpg,2,7
3003.jpg,2,32
3004.jpg,2,42
3005.jpg,0,88
3006.jpg,1,4
3007.jpg,2,71
3008.jpg,2,7
3009.jpg,0,28
3010.jpg,0,75
3011.jpg,0,62
3012.jpg,2,41
3013.jpg,0,60
3014.jpg,1,69
3015.jpg,0,28
3016.jpg,2,64
3017.jpg,2,46
3018.jpg,1,11
3019.jpg,1,9
3020.jpg,1,4
3021.jpg,2,64
3022.jpg,1,12
3023.jpg,2,77
3024.jpg,2,41
3025.jpg,2,50
3026.jpg,2,52
3027.jpg,2,48
3028.jpg,1,3
3029.jpg,0,88
3030.jpg,1,69
3031.jpg,2,50
3032.jpg,2,27
3033.jpg,2,18
3034.jpg,2,21
3035.jpg,2,24
3036.jpg,1,51
3037.jpg,2,41
3038.jpg,1,33
3039.jpg,1,58
3040.jpg,0,85
3041.jpg,2,71
3042.jpg,1,87
3043.jpg,2,7
3044.jpg,1,9
3045.jpg,1,9
3046.jpg,0,37
3047.jpg,1,4
3048.jpg,1,81
3049.jpg,0,85
3050.jpg,0,54
3051.jpg,1,3
3052.jpg,1,58
3053.jpg,1,76
3054.jpg,2,24
3055.jpg,2,23
3056.jpg,0,67
3057.jpg,0,75
3058.jpg,0,19
3059.jpg,0,59
3060.jpg,0,47
3061.jpg,0,19
3062.jpg,0,47
3063.jpg,1,81
3064.jpg,2,24
3065.jpg,2,42
3066.jpg,2,20
3067.jpg,1,11
3068.jpg,0,85
3069.jpg,2,73
3070.jpg,2,32
3071.jpg,0,54
3072.jpg,0,88
3073.jpg,2,71
3074.jpg,1,17
3075.jpg,0,67
3076.jpg,1,53
3077.jpg,2,77
3078.jpg,2,7
3079.jpg,2,61
3080.jpg,2,38
3081.jpg,1,81
3082.jpg,2,43
3083.jpg,1,17
3084.jpg,1,12
3085.jpg,2,78
3086.jpg,0,55
3087.jpg,2,65
3088.jpg,0,0
3089.jpg,0,62
3090.jpg,1,12
3091.jpg,0,19
3092.jpg,2,35
3093.jpg,1,3
3094.jpg,1,86
3095.jpg,0,63
3096.jpg,0,59
3097.jpg,2,43
3098.jpg,2,43
3099.jpg,2,38
3100.jpg,2,61
3101.jpg,1,53
3102.jpg,1,2
3103.jpg,2,78
3104.jpg,2,48
3105.jpg,1,87
3106.jpg,0,67
3107.jpg,0,55
3108.jpg,0,39
3109.jpg,2,48
3110.jpg,2,23
3111.jpg,2,38
3112.jpg,2,71
3113.jpg,2,42
3114.jpg,0,57
3115.jpg,2,48
3116.jpg,2,61
3117.jpg,1,58
3118.jpg,2,35
3119.jpg,0,67
3120.jpg,1,25
3121.jpg,2,50
3122.jpg,0,55
3123.jpg,2,61
3124.jpg,1,87
3125.jpg,1,86
3126.jpg,1,87
3127.jpg,0,85
3128.jpg,0,67
3129.jpg,1,14
3130.jpg,0,70
3131.jpg,1,44
3132.jpg,0,75
3133.jpg,0,1
3134.jpg,2,77
3135.jpg,1,81
3136.jpg,0,39
3137.jpg,1,33
3138.jpg,1,56
3139.jpg,2,46
3140.jpg,1,33
3141.jpg,0,84
3142.jpg,0,49
3143.jpg,0,39
3144.jpg,1,44
3145.jpg,2,27
3146.jpg,0,28
3147.jpg,1,3
3148.jpg,2,64
3149.jpg,1,82
3150.jpg,2,52
3151.jpg,2,61
3152.jpg,0,75
3153.jpg,1,5
3154.jpg,1,30
3155.jpg,1,30
3156.jpg,2,50
3157.jpg,0,15
3158.jpg,0,0
3159.jpg,2,61
3160.jpg,2,43
3161.jpg,1,5
3162.jpg,1,9
3163.jpg,2,43
3164.jpg,1,8
3165.jpg,1,82
3166.jpg,0,67
3167.jpg,2,23
3168.jpg,2,48
3169.jpg,0,88
3170.jpg,0,39
3171.jpg,2,6
3172.jpg,1,76
3173.jpg,2,38
3174.jpg,0,26
3175.jpg,0,37
3176.jpg,1,9
3177.jpg,0,39
3178.jpg,0,57
3179.jpg,0,63
3180.jpg,2,7
3181.jpg,1,33
3182.jpg,0,37
3183.jpg,0,31
3184.jpg,2,43
3185.jpg,2,48
3186.jpg,1,22
3187.jpg,1,76
3188.jpg,0,59
3189.jpg,1,16
3190.jpg,0,19
3191.jpg,0,62
3192.jpg,2,27
3193.jpg,0,19
3194.jpg,0,85
3195.jpg,2,42
3196.jpg,1,25
3197.jpg,2,18
3198.jpg,2,52
3199.jpg,2,61
3200.jpg,0,40
3201.jpg,0,85
3202.jpg,1,11
3203.jpg,2,41
3204.jpg,2,71
3205.jpg,2,23
3206.jpg,2,77
3207.jpg,1,87
3208.jpg,2,65
3209.jpg,1,14
3210.jpg,2,23
3211.jpg,0,67
3212.jpg,0,37
3213.jpg,0,40
3214.jpg,0,72
3215.jpg,2,61
3216.jpg,2,74
3217.jpg,2,77
3218.jpg,2,21
3219.jpg,1,69
3220.jpg,1,30
3221.jpg,2,71
3222.jpg,2,43
3223.jpg,1,30
3224.jpg,2,20
3225.jpg,1,87
3226.jpg,0,84
3227.jpg,2,71
3228.jpg,0,66
3229.jpg,2,42
3230.jpg,1,3
3231.jpg,1,76
3232.jpg,0,88
3233.jpg,1,81
3234.jpg,0,54
3235.jpg,1,4
3236.jpg,0,47
3237.jpg,2,21
3238.jpg,0,19
3239.jpg,1,3
3240.jpg,1,86
3241.jpg,0,70
3242.jpg,1,2
3243.jpg,1,22
3244.jpg,1,53
3245.jpg,2,74
3246.jpg,2,46
3247.jpg,1,81
3248.jpg,0,15
3249.jpg,2,24
3250.jpg,1,81
3251.jpg,2,71
3252.jpg,2,23
3253.jpg,1,16
3254.jpg,2,46
3255.jpg,2,41
3256.jpg,1,87
3257.jpg,2,42
3258.jpg,2,74
3259.jpg,0,26
3260.jpg,0,39
3261.jpg,2,20
3262.jpg,0,59
3263.jpg,0,31
3264.jpg,2,52
3265.jpg,0,19
3266.jpg,2,18
3267.jpg,2,27
3268.jpg,0,26
3269.jpg,1,17
3270.jpg,1,3
3271.jpg,1,86
3272.jpg,2,18
3273.jpg,2,48
3274.jpg,2,64
3275.jpg,1,81
3276.jpg,0,15
3277.jpg,2,61
3278.jpg,1,22
3279.jpg,2,43
3280.jpg,2,50
3281.jpg,1,56
3282.jpg,2,18
3283.jpg,1,11
3284.jpg,0,75
3285.jpg,1,69
3286.jpg,0,62
3287.jpg,1,82
3288.jpg,1,5
3289.jpg,2,42
3290.jpg,2,23
3291.jpg,1,9
3292.jpg,2,64
3293.jpg,1,30
3294.jpg,2,65
3295.jpg,0,15
3296.jpg,2,23
3297.jpg,0,84
3298.jpg,0,28
3299.jpg,0,26
3300.jpg,1,4
3301.jpg,1,33
3302.jpg,0,54
3303.jpg,1,83
3304.jpg,1,76
3305.jpg,1,36
3306.jpg,2,32
3307.jpg,1,16
3308.jpg,2,27
3309.jpg,2,64
3310.jpg,1,2
3311.jpg,1,86
3312.jpg,0,19
3313.jpg,0,19
3314.jpg,2,32
3315.jpg,2,71
3316.jpg,2,41
3317.jpg,1,83
3318.jpg,0,75
3319.jpg,2,32
3320.jpg,1,2
3321.jpg,2,61
3322.jpg,2,6
3323.jpg,0,49
3324.jpg,0,79
3325.jpg,0,85
3326.jpg,2,24
3327.jpg,1,83
3328.jpg,1,9
3329.jpg,2,52
3330.jpg,0,19
3331.jpg,1,58
3332.jpg,1,86
3333.jpg,2,13
3334.jpg,0,31
3335.jpg,0,63
3336.jpg,1,16
3337.jpg,0,31
3338.jpg,1,81
3339.jpg,2,35
3340.jpg,0,54
3341.jpg,0,31
3342.jpg,2,10
3343.jpg,1,12
3344.jpg,2,29
3345.jpg,0,66
3346.jpg,1,36
3347.jpg,1,8
3348.jpg,1,36
3349.jpg,1,58
3350.jpg,0,31
3351.jpg,2,24
3352.jpg,1,56
3353.jpg,1,81
3354.jpg,2,13
3355.jpg,1,12
3356.jpg,1,58
3357.jpg,2,35
3358.jpg,1,69
3359.jpg,1,25
3360.jpg,2,29
3361.jpg,2,73
3362.jpg,1,30
3363.jpg,1,30
3364.jpg,1,53
3365.jpg,2,46
3366.jpg,0,40
3367.jpg,1,22
3368.jpg,0,67
3369.jpg,2,23
3370.jpg,0,84
3371.jpg,2,13
3372.jpg,1,86
3373.jpg,2,24
3374.jpg,1,81
3375.jpg,2,48
3376.jpg,0,75
3377.jpg,2,18
3378.jpg,0,85
3379.jpg,2,42
3380.jpg,0,66
3381.jpg,0,60
3382.jpg,1,45
3383.jpg,2,52
3384.jpg,2,68
3385.jpg,2,6
3386.jpg,2,27
3387.jpg,2,42
3388.jpg,2,46
3389.jpg,0,62
3390.jpg,1,8
3391.jpg,1,81
3392.jpg,0,34
3393.jpg,2,7
3394.jpg,1,30
3395.jpg,2,42
3396.jpg,2,73
3397.jpg,1,2
3398.jpg,1,87
3399.jpg,0,0
3400.jpg,2,64
3401.jpg,2,41
3402.jpg,1,22
3403.jpg,0,66
3404.jpg,0,49
3405.jpg,0,88
3406.jpg,1,45
3407.jpg,2,48
3408.jpg,0,54
3409.jpg,1,83
3410.jpg,2,18
3411.jpg,0,67
3412.jpg,0,60
3413.jpg,1,11
3414.jpg,2,24
3415.jpg,2,48
3416.jpg,1,9
3417.jpg,2,74
3418.jpg,0,80
3419.jpg,1,86
3420.jpg,2,46
3421.jpg,0,67
3422.jpg,2,7
3423.jpg,1,3
3424.jpg,0,67
3425.jpg,2,13
3426.jpg,1,12
3427.jpg,2,10
3428.jpg,0,63
3429.jpg,2,48
3430.jpg,0,80
3431.jpg,2,42
3432.jpg,1,4
3433.jpg,0,85
3434.jpg,0,67
3435.jpg,0,39
3436.jpg,1,14
3437.jpg,0,84
3438.jpg,0,28
3439.jpg,1,81
3440.jpg,0,85
3441.jpg,2,13
3442.jpg,0,55
3443.jpg,2,46
3444.jpg,0,31
3445.jpg,1,30
3446.jpg,0,34
3447.jpg,1,25
3448.jpg,0,49
3449.jpg,1,45
3450.jpg,2,35
3451.jpg,0,85
3452.jpg,2,43
3453.jpg,1,2
3454.jpg,0,85
3455.jpg,0,66
3456.jpg,2,41
3457.jpg,2,61
3458.jpg,1,56
3459.jpg,2,35
3460.jpg,2,48
3461.jpg,0,55
3462.jpg,1,25
3463.jpg,2,48
3464.jpg,2,73
3465.jpg,0,63
3466.jpg,0,31
3467.jpg,1,30
3468.jpg,0,15
3469.jpg,1,82
3470.jpg,2,35
3471.jpg,2,29
3472.jpg,1,82
3473.jpg,2,27
3474.jpg,0,40
3475.jpg,2,10
3476.jpg,0,75
3477.jpg,1,86
3478.jpg,0,60
3479.jpg,2,73
3480.jpg,0,55
3481.jpg,1,5
3482.jpg,2,61
3483.jpg,1,86
3484.jpg,2,23
3485.jpg,2,18
3486.jpg,1,25
3487.jpg,1,58
3488.jpg,0,55
3489.jpg,2,73
3490.jpg,0,34
3491.jpg,2,6
3492.jpg,1,44
3493.jpg,1,56
3494.jpg,0,60
3495.jpg,2,32
3496.jpg,1,53
3497.jpg,1,36
3498.jpg,2,21
3499.jpg,1,83
3500.jpg,1,81
3501.jpg,1,86
3502.jpg,1,9
3503.jpg,0,85
3504.jpg,2,32
3505.jpg,1,30
3506.jpg,2,41
3507.jpg,1,45
3508.jpg,0,28
3509.jpg,0,75
3510.jpg,2,21
3511.jpg,1,33
3512.jpg,2,41
3513.jpg,2,18
3514.jpg,1,2
3515.jpg,2,65
3516.jpg,2,38
3517.jpg,1,2
3518.jpg,2,27
3519.jpg,0,62
3520.jpg,2,21
3521.jpg,2,43
3522.jpg,2,46
3523.jpg,2,78
3524.jpg,1,4
3525.jpg,0,1
3526.jpg,2,64
3527.jpg,0,60
3528.jpg,2,7
3529.jpg,1,11
3530.jpg,2,35
3531.jpg,0,63
3532.jpg,0,67
3533.jpg,1,5
3534.jpg,1,30
3535.jpg,2,7
3536.jpg,0,57
3537.jpg,1,12
3538.jpg,1,4
3539.jpg,0,85
3540.jpg,1,2
3541.jpg,1,81
3542.jpg,2,21
3543.jpg,2,61
3544.jpg,0,31
3545.jpg,1,81
3546.jpg,2,6
3547.jpg,1,5
3548.jpg,0,54
3549.jpg,2,35
3550.jpg,2,32
3551.jpg,1,33
3552.jpg,2,74
3553.jpg,1,81
3554.jpg,2,46
3555.jpg,2,77
3556.jpg,2,50
3557.jpg,0,80
3558.jpg,0,59
3559.jpg,0,62
3560.jpg,0,85
3561.jpg,2,48
3562.jpg,1,56
3563.jpg,2,13
3564.jpg,1,22
3565.jpg,1,2
3566.jpg,1,4
3567.jpg,1,22
3568.jpg,2,50
3569.jpg,1,8
3570.jpg,1,14
3571.jpg,1,5
3572.jpg,1,25
3573.jpg,1,76
3574.jpg,0,15
3575.jpg,1,56
3576.jpg,1,44
3577.jpg,1,76
3578.jpg,2,32
3579.jpg,1,12
3580.jpg,0,79
3581.jpg,1,87
3582.jpg,0,31
3583.jpg,0,84
3584.jpg,1,9
3585.jpg,2,18
3586.jpg,0,15
3587.jpg,0,57
3588.jpg,1,22
3589.jpg,2,46
3590.jpg,2,61
3591.jpg,0,28
3592.jpg,1,30
3593.jpg,1,4
3594.jpg,2,23
3595.jpg,2,77
3596.jpg,1,11
3597.jpg,0,60
3598.jpg,1,17
3599.jpg,1,76
3600.jpg,2,42
3601.jpg,2,41
3602.jpg,0,26
3603.jpg,0,70
3604.jpg,1,86
3605.jpg,2,64
3606.jpg,0,1
3607.jpg,2,21
3608.jpg,2,68
3609.jpg,1,17
3610.jpg,2,20
3611.jpg,1,9
3612.jpg,0,59
3613.jpg,2,35
3614.jpg,1,83
3615.jpg,0,66
3616.jpg,2,35
3617.jpg,2,24
3618.jpg,2,24
3619.jpg,2,6
3620.jpg,1,81
3621.jpg,2,61
3622.jpg,1,87
3623.jpg,2,48
3624.jpg,0,80
3625.jpg,0,57
3626.jpg,1,87
3627.jpg,2,71
3628.jpg,0,59
3629.jpg,1,12
3630.jpg,2,20
3631.jpg,2,78
3632.jpg,1,33
3633.jpg,2,64
3634.jpg,1,22
3635.jpg,2,46
3636.jpg,0,72
3637.jpg,2,23
3638.jpg,1,69
3639.jpg,2,13
3640.jpg,0,55
3641.jpg,2,41
3642.jpg,1,87
3643.jpg,2,38
3644.jpg,2,6
3645.jpg,0,26
3646.jpg,0,37
3647.jpg,2,20
3648.jpg,2,64
3649.jpg,2,43
3650.jpg,2,71
3651.jpg,0,59
3652.jpg,2,20
3653.jpg,0,54
3654.jpg,1,36
3655.jpg,1,22
3656.jpg,0,49
3657.jpg,2,20
3658.jpg,1,22
3659.jpg,1,81
3660.jpg,2,41
3661.jpg,1,76
3662.jpg,0,49
3663.jpg,0,15
3664.jpg,2,64
3665.jpg,2,32
3666.jpg,0,28
3667.jpg,1,8
3668.jpg,0,31
3669.jpg,1,56
3670.jpg,0,80
3671.jpg,2,13
3672.jpg,1,11
3673.jpg,0,67
3674.jpg,0,40
3675.jpg,2,18
3676.jpg,2,24
3677.jpg,2,10
3678.jpg,2,24
3679.jpg,0,85
3680.jpg,0,75
3681.jpg,0,47
3682.jpg,2,23
3683.jpg,2,27
3684.jpg,1,30
3685.jpg,2,18
3686.jpg,1,83
3687.jpg,0,70
3688.jpg,1,82
3689.jpg,2,64
3690.jpg,1,86
3691.jpg,2,48
3692.jpg,1,56
3693.jpg,1,51
3694.jpg,2,71
3695.jpg,2,61
3696.jpg,0,47
3697.jpg,2,20
3698.jpg,1,86
3699.jpg,1,30
3700.jpg,0,37
3701.jpg,0,72
3702.jpg,2,10
3703.jpg,1,2
3704.jpg,0,84
3705.jpg,2,7
3706.jpg,1,36
3707.jpg,1,58
3708.jpg,0,85
3709.jpg,1,81
3710.jpg,1,22
3711.jpg,0,67
3712.jpg,1,33
3713.jpg,2,61
3714.jpg,0,88
3715.jpg,0,75
3716.jpg,0,31
3717.jpg,1,58
3718.jpg,1,76
3719.jpg,0,37
3720.jpg,1,86
3721.jpg,1,86
3722.jpg,2,18
3723.jpg,0,15
3724.jpg,0,62
3725.jpg,1,30
3726.jpg,2,73
3727.jpg,2,48
3728.jpg,1,81
3729.jpg,0,60
3730.jpg,2,21
3731.jpg,2,27
3732.jpg,0,49
3733.jpg,2,61
3734.jpg,2,61
3735.jpg,2,24
3736.jpg,0,85
3737.jpg,1,33
3738.jpg,0,47
3739.jpg,1,86
3740.jpg,2,46
3741.jpg,1,58
3742.jpg,2,61
3743.jpg,0,40
3744.jpg,2,27
3745.jpg,1,22
3746.jpg,1,12
3747.jpg,0,88
3748.jpg,1,22
3749.jpg,2,18
3750.jpg,2,23
3751.jpg,0,84
3752.jpg,2,48
3753.jpg,1,30
3754.jpg,1,33
3755.jpg,1,8
3756.jpg,2,52
3757.jpg,2,46
3758.jpg,1,11
3759.jpg,2,29
3760.jpg,0,37
3761.jpg,2,13
3762.jpg,0,57
3763.jpg,2,20
3764.jpg,0,67
3765.jpg,2,61
3766.jpg,1,11
3767.jpg,1,11
3768.jpg,0,31
3769.jpg,1,33
3770.jpg,2,20
3771.jpg,2,77
3772.jpg,2,43
3773.jpg,1,9
3774.jpg,2,52
3775.jpg,1,76
3776.jpg,2,32
3777.jpg,2,6
3778.jpg,1,30
3779.jpg,0,19
3780.jpg,0,84
3781.jpg,0,15
3782.jpg,0,28
3783.jpg,1,16
3784.jpg,1,22
3785.jpg,1,14
3786.jpg,0,60
3787.jpg,1,14
3788.jpg,2,46
3789.jpg,0,62
3790.jpg,1,33
3791.jpg,2,10
3792.jpg,1,76
3793.jpg,0,84
3794.jpg,0,1
3795.jpg,2,61
3796.jpg,0,80
3797.jpg,0,57
3798.jpg,1,4
3799.jpg,0,66
3800.jpg,0,85
3801.jpg,1,45
3802.jpg,2,43
3803.jpg,2,7
3804.jpg,0,54
3805.jpg,0,88
3806.jpg,2,18
3807.jpg,0,54
3808.jpg,1,22
3809.jpg,2,23
3810.jpg,0,59
3811.jpg,0,80
3812.jpg,2,20
3813.jpg,1,8
3814.jpg,1,2
3815.jpg,2,43
3816.jpg,0,67
3817.jpg,0,84
3818.jpg,1,9
3819.jpg,2,13
3820.jpg,1,11
3821.jpg,0,59
3822.jpg,1,51
3823.jpg,1,14
3824.jpg,2,18
3825.jpg,2,32
3826.jpg,2,41
3827.jpg,0,55
3828.jpg,1,12
3829.jpg,1,3
3830.jpg,1,36
3831.jpg,0,26
3832.jpg,1,11
3833.jpg,1,30
3834.jpg,1,58
3835.jpg,1,56
3836.jpg,2,32
3837.jpg,0,63
3838.jpg,0,49
3839.jpg,1,8
3840.jpg,1,87
3841.jpg,1,33
3842.jpg,0,57
3843.jpg,0,1
3844.jpg,2,29
3845.jpg,2,52
3846.jpg,0,75
3847.jpg,2,41
3848.jpg,1,30
3849.jpg,2,64
3850.jpg,2,23
3851.jpg,2,18
3852.jpg,0,19
3853.jpg,0,84
3854.jpg,2,68
3855.jpg,2,41
3856.jpg,2,61
3857.jpg,0,40
3858.jpg,0,34
3859.jpg,1,25
3860.jpg,1,11
3861.jpg,2,32
3862.jpg,1,53
3863.jpg,2,41
3864.jpg,2,68
3865.jpg,2,52
3866.jpg,2,52
3867.jpg,0,60
3868.jpg,0,79
3869.jpg,1,44
3870.jpg,2,27
3871.jpg,0,31
3872.jpg,1,25
3873.jpg,1,76
3874.jpg,1,14
3875.jpg,0,0
3876.jpg,2,52
3877.jpg,0,19
3878.jpg,2,71
3879.jpg,0,26
3880.jpg,1,33
3881.jpg,2,46
3882.jpg,2,35
3883.jpg,0,0
3884.jpg,1,45
3885.jpg,2,50
3886.jpg,1,69
3887.jpg,0,1
3888.jpg,2,48
3889.jpg,1,30
3890.jpg,0,34
3891.jpg,1,76
3892.jpg,2,21
3893.jpg,1,30
3894.jpg,2,46
3895.jpg,0,31
3896.jpg,2,10
3897.jpg,2,52
3898.jpg,2,41
3899.jpg,0,70
3900.jpg,0,54
3901.jpg,1,33
3902.jpg,0,54
3903.jpg,2,42
3904.jpg,1,56
3905.jpg,2,52
3906.jpg,1,4
3907.jpg,1,58
3908.jpg,2,68
3909.jpg,1,81
3910.jpg,2,77
3911.jpg,1,17
3912.jpg,0,39
3913.jpg,1,56
3914.jpg,2,20
3915.jpg,2,41
3916.jpg,2,18
3917.jpg,1,30
3918.jpg,0,66
3919.jpg,1,36
3920.jpg,1,81
3921.jpg,1,9
3922.jpg,2,71
3923.jpg,0,75
3924.jpg,2,21
3925.jpg,2,35
3926.jpg,2,43
3927.jpg,0,60
3928.jpg,0,72
3929.jpg,1,83
3930.jpg,1,2
3931.jpg,1,12
3932.jpg,0,49
3933.jpg,2,46
3934.jpg,0,60
3935.jpg,2,23
3936.jpg,1,4
3937.jpg,1,16
3938.jpg,1,22
3939.jpg,1,33
3940.jpg,1,86
3941.jpg,0,34
3942.jpg,1,9
3943.jpg,1,8
3944.jpg,1,12
3945.jpg,1,87
3946.jpg,1,3
3947.jpg,1,12
3948.jpg,2,71
3949.jpg,2,43
3950.jpg,1,83
3951.jpg,0,19
3952.jpg,0,59
3953.jpg,1,8
3954.jpg,2,52
3955.jpg,1,86
3956.jpg,0,39
3957.jpg,0,59
3958.jpg,2,41
3959.jpg,0,75
3960.jpg,2,48
3961.jpg,0,55
3962.jpg,2,74
3963.jpg,0,67
3964.jpg,0,75
3965.jpg,0,0
3966.jpg,0,31
3967.jpg,1,56
3968.jpg,2,42
3969.jpg,1,12
3970.jpg,0,85
3971.jpg,0,79
3972.jpg,0,66
3973.jpg,1,22
3974.jpg,0,84
3975.jpg,2,35
3976.jpg,1,14
3977.jpg,0,15
3978.jpg,1,9
3979.jpg,2,41
3980.jpg,2,64
3981.jpg,1,36
3982.jpg,2,23
3983.jpg,2,78
3984.jpg,0,67
3985.jpg,0,47
3986.jpg,2,64
3987.jpg,2,68
3988.jpg,1,11
3989.jpg,1,5
3990.jpg,2,50
3991.jpg,1,56
3992.jpg,1,4
3993.jpg,1,5
3994.jpg,1,30
3995.jpg,0,57
3996.jpg,2,18
3997.jpg,2,23
3998.jpg,0,57
3999.jpg,2,21
4000.jpg,0,31
4001.jpg,2,32
4002.jpg,1,14
4003.jpg,1,3
4004.jpg,2,27
4005.jpg,2,48
4006.jpg,2,46
4007.jpg,0,31
4008.jpg,2,21
4009.jpg,1,8
4010.jpg,1,12
4011.jpg,2,74
4012.jpg,1,2
4013.jpg,2,32
4014.jpg,2,10
4015.jpg,2,35
4016.jpg,1,82
4017.jpg,2,23
4018.jpg,2,48
4019.jpg,2,61
4020.jpg,1,2
4021.jpg,2,27
4022.jpg,0,34
4023.jpg,0,37
4024.jpg,2,48
4025.jpg,0,70
4026.jpg,0,1
4027.jpg,1,87
4028.jpg,2,43
4029.jpg,1,16
4030.jpg,1,8
4031.jpg,0,55
4032.jpg,0,47
4033.jpg,2,48
4034.jpg,2,21
4035.jpg,0,62
4036.jpg,2,64
4037.jpg,2,50
4038.jpg,1,81
4039.jpg,1,58
4040.jpg,0,84
4041.jpg,2,27
4042.jpg,1,69
4043.jpg,0,47
4044.jpg,2,43
4045.jpg,2,18
4046.jpg,1,16
4047.jpg,0,39
4048.jpg,0,28
4049.jpg,0,67
4050.jpg,2,13
4051.jpg,0,67
4052.jpg,0,72
4053.jpg,0,55
4054.jpg,2,24
4055.jpg,0,66
4056.jpg,0,57
4057.jpg,0,28
4058.jpg,1,3
4059.jpg,2,13
4060.jpg,2,35
4061.jpg,2,18
4062.jpg,2,32
4063.jpg,0,80
4064.jpg,0,31
4065.jpg,0,57
4066.jpg,0,85
4067.jpg,0,40
4068.jpg,1,53
4069.jpg,1,58
4070.jpg,0,15
4071.jpg,0,57
4072.jpg,2,35
4073.jpg,2,42
4074.jpg,0,55
4075.jpg,2,7
4076.jpg,1,56
4077.jpg,1,8
4078.jpg,2,52
4079.jpg,2,32
4080.jpg,0,37
4081.jpg,0,55
4082.jpg,1,76
4083.jpg,0,57
4084.jpg,2,20
4085.jpg,1,51
4086.jpg,2,32
4087.jpg,1,3
4088.jpg,2,20
4089.jpg,0,54
4090.jpg,0,31
4091.jpg,2,10
4092.jpg,1,86
4093.jpg,2,42
4094.jpg,1,81
4095.jpg,2,43
4096.jpg,2,23
4097.jpg,0,49
4098.jpg,1,81
4099.jpg,2,29
4100.jpg,0,34
4101.jpg,2,71
4102.jpg,1,12
4103.jpg,2,46
4104.jpg,2,23
4105.jpg,2,46
4106.jpg,1,81
4107.jpg,1,12
4108.jpg,1,76
4109.jpg,0,84
4110.jpg,0,47
4111.jpg,1,8
4112.jpg,1,2
4113.jpg,2,71
4114.jpg,2,18
4115.jpg,1,45
4116.jpg,2,64
4117.jpg,2,61
4118.jpg,2,73
4119.jpg,2,73
4120.jpg,1,5
4121.jpg,0,40
4122.jpg,2,18
4123.jpg,2,10
4124.jpg,2,35
4125.jpg,2,64
4126.jpg,1,33
4127.jpg,1,87
4128.jpg,1,3
4129.jpg,1,56
4130.jpg,0,26
4131.jpg,0,49
4132.jpg,1,22
4133.jpg,1,86
4134.jpg,0,49
4135.jpg,2,41
4136.jpg,2,20
4137.jpg,2,13
4138.jpg,2,64
4139.jpg,1,5
4140.jpg,2,20
4141.jpg,2,21
4142.jpg,2,35
4143.jpg,2,46
4144.jpg,2,50
4145.jpg,1,2
4146.jpg,1,86
4147.jpg,2,42
4148.jpg,0,54
4149.jpg,2,13
4150.jpg,0,84
4151.jpg,1,25
4152.jpg,2,23
4153.jpg,1,12
4154.jpg,1,3
4155.jpg,0,85
4156.jpg,2,52
4157.jpg,1,51
4158.jpg,1,58
4159.jpg,1,33
4160.jpg,2,77
4161.jpg,2,71
4162.jpg,0,57
4163.jpg,2,18
4164.jpg,1,2
4165.jpg,0,40
4166.jpg,1,22
4167.jpg,1,30
4168.jpg,2,27
4169.jpg,2,7
4170.jpg,1,3
4171.jpg,0,55
4172.jpg,0,47
4173.jpg,1,4
4174.jpg,2,32
4175.jpg,1,16
4176.jpg,1,22
4177.jpg,0,31
4178.jpg,2,18
4179.jpg,2,41
4180.jpg,0,49
4181.jpg,0,55
4182.jpg,1,87
4183.jpg,2,48
4184.jpg,2,6
4185.jpg,2,68
4186.jpg,1,36
4187.jpg,2,43
4188.jpg,1,33
4189.jpg,1,58
4190.jpg,2,6
4191.jpg,1,81
4192.jpg,1,56
4193.jpg,2,52
4194.jpg,1,58
4195.jpg,1,86
4196.jpg,1,86
4197.jpg,2,41
4198.jpg,2,74
4199.jpg,0,66
4200.jpg,2,42
4201.jpg,0,31
4202.jpg,0,0
4203.jpg,2,20
4204.jpg,2,52
4205.jpg,0,1
4206.jpg,2,77
4207.jpg,1,81
4208.jpg,1,76
4209.jpg,0,55
4210.jpg,1,11
4211.jpg,2,71
4212.jpg,1,51
4213.jpg,0,85
4214.jpg,1,53
4215.jpg,0,85
4216.jpg,1,22
4217.jpg,2,21
4218.jpg,0,66
4219.jpg,0,62
4220.jpg,2,23
4221.jpg,1,53
4222.jpg,1,9
4223.jpg,1,76
4224.jpg,2,23
4225.jpg,2,29
4226.jpg,2,64
4227.jpg,1,69
4228.jpg,2,64
4229.jpg,1,30
4230.jpg,2,24
4231.jpg,0,31
4232.jpg,1,76
4233.jpg,1,11
4234.jpg,2,38
4235.jpg,0,54
4236.jpg,2,27
4237.jpg,2,68
4238.jpg,1,30
4239.jpg,1,9
4240.jpg,1,3
4241.jpg,0,79
4242.jpg,0,72
4243.jpg,1,30
4244.jpg,1,58
4245.jpg,1,4
4246.jpg,0,67
4247.jpg,1,53
4248.jpg,0,79
4249.jpg,0,66
4250.jpg,0,59
4251.jpg,0,62
4252.jpg,0,85
4253.jpg,2,74
4254.jpg,2,24
4255.jpg,2,20
4256.jpg,2,41
4257.jpg,1,58
4258.jpg,2,35
4259.jpg,2,68
4260.jpg,2,41
4261.jpg,2,7
4262.jpg,1,56
4263.jpg,2,24
4264.jpg,2,35
4265.jpg,2,73
4266.jpg,1,33
4267.jpg,1,5
4268.jpg,1,22
4269.jpg,1,3
4270.jpg,0,60
4271.jpg,0,47
4272.jpg,0,66
4273.jpg,2,23
4274.jpg,1,36
4275.jpg,1,30
4276.jpg,0,66
4277.jpg,2,48
4278.jpg,1,82
4279.jpg,1,2
4280.jpg,2,21
4281.jpg,1,82
4282.jpg,1,9
4283.jpg,2,65
4284.jpg,2,65
4285.jpg,2,6
4286.jpg,2,18
4287.jpg,2,41
4288.jpg,1,56
4289.jpg,1,81
4290.jpg,2,18
4291.jpg,0,47
4292.jpg,0,80
4293.jpg,0,72
4294.jpg,1,3
4295.jpg,1,86
4296.jpg,2,20
4297.jpg,0,19
4298.jpg,2,21
4299.jpg,0,70
4300.jpg,1,51
4301.jpg,2,78
4302.jpg,0,39
4303.jpg,1,45
4304.jpg,2,7
4305.jpg,0,66
4306.jpg,2,27
4307.jpg,2,21
4308.jpg,2,48
4309.jpg,0,80
4310.jpg,2,32
4311.jpg,2,27
4312.jpg,0,28
4313.jpg,2,46
4314.jpg,2,65
4315.jpg,2,6
4316.jpg,0,80
4317.jpg,1,81
4318.jpg,1,16
4319.jpg,2,24
4320.jpg,1,12
4321.jpg,0,26
4322.jpg,2,64
4323.jpg,0,39
4324.jpg,2,23
4325.jpg,2,43
4326.jpg,0,40
4327.jpg,2,48
4328.jpg,0,31
4329.jpg,0,84
4330.jpg,0,39
4331.jpg,0,66
4332.jpg,0,54
4333.jpg,0,63
4334.jpg,2,32
4335.jpg,2,42
4336.jpg,0,60
4337.jpg,0,85
4338.jpg,0,31
4339.jpg,2,10
4340.jpg,2,13
4341.jpg,2,20
4342.jpg,2,43
4343.jpg,1,4
4344.jpg,2,48
4345.jpg,2,65
4346.jpg,0,28
4347.jpg,1,81
4348.jpg,1,51
4349.jpg,0,59
4350.jpg,1,3
4351.jpg,2,13
4352.jpg,2,18
4353.jpg,0,57
4354.jpg,2,29
4355.jpg,0,26
4356.jpg,1,44
4357.jpg,1,17
4358.jpg,1,11
4359.jpg,0,19
4360.jpg,2,27
4361.jpg,2,43
4362.jpg,0,26
4363.jpg,1,2
4364.jpg,2,61
4365.jpg,0,57
4366.jpg,0,39
4367.jpg,2,71
4368.jpg,1,87
4369.jpg,1,17
4370.jpg,2,35
4371.jpg,0,70
4372.jpg,0,47
4373.jpg,2,77
4374.jpg,0,63
4375.jpg,0,26
4376.jpg,0,72
4377.jpg,0,84
4378.jpg,1,12
4379.jpg,2,50
4380.jpg,1,17
4381.jpg,0,63
4382.jpg,2,38
4383.jpg,2,18
4384.jpg,2,18
4385.jpg,2,73
4386.jpg,1,11
4387.jpg,2,35
4388.jpg,2,74
4389.jpg,2,43
4390.jpg,1,5
4391.jpg,1,3
4392.jpg,1,2
4393.jpg,0,70
4394.jpg,1,81
4395.jpg,2,27
4396.jpg,0,47
4397.jpg,0,0
4398.jpg,1,2
4399.jpg,2,7
4400.jpg,0,84
4401.jpg,0,85
4402.jpg,2,43
4403.jpg,0,19
4404.jpg,1,44
4405.jpg,2,78
4406.jpg,0,34
4407.jpg,0,54
4408.jpg,1,53
4409.jpg,0,57
4410.jpg,2,65
4411.jpg,0,75
4412.jpg,1,12
4413.jpg,1,2
4414.jpg,0,15
4415.jpg,2,46
4416.jpg,2,35
4417.jpg,2,78
4418.jpg,0,39
4419.jpg,2,27
4420.jpg,2,27
4421.jpg,2,46
4422.jpg,2,38
4423.jpg,2,68
4424.jpg,0,0
4425.jpg,2,48
4426.jpg,0,66
4427.jpg,0,70
4428.jpg,2,13
4429.jpg,2,6
4430.jpg,2,52
4431.jpg,0,49
4432.jpg,2,48
4433.jpg,2,50
4434.jpg,2,7
4435.jpg,2,52
4436.jpg,2,42
4437.jpg,2,71
4438.jpg,2,52
4439.jpg,2,7
4440.jpg,1,3
4441.jpg,2,77
4442.jpg,2,13
4443.jpg,0,80
4444.jpg,0,57
4445.jpg,1,30
4446.jpg,2,77
4447.jpg,1,22
4448.jpg,2,29
4449.jpg,2,42
4450.jpg,1,82
4451.jpg,2,42
4452.jpg,0,62
4453.jpg,0,70
4454.jpg,0,1
4455.jpg,2,68
4456.jpg,2,78
4457.jpg,2,24
4458.jpg,2,6
4459.jpg,0,84
4460.jpg,2,6
4461.jpg,2,18
4462.jpg,1,45
4463.jpg,1,76
4464.jpg,2,27
4465.jpg,1,3
4466.jpg,1,86
4467.jpg,1,56
4468.jpg,0,85
4469.jpg,0,79
4470.jpg,0,1
4471.jpg,1,69
4472.jpg,0,49
4473.jpg,2,46
4474.jpg,1,76
4475.jpg,1,11
4476.jpg,1,87
4477.jpg,2,64
4478.jpg,2,77
4479.jpg,2,24
4480.jpg,1,16
4481.jpg,1,12
4482.jpg,0,85
4483.jpg,1,4
4484.jpg,1,25
4485.jpg,0,67
4486.jpg,2,35
4487.jpg,1,5
4488.jpg,1,8
4489.jpg,1,87
4490.jpg,0,26
4491.jpg,2,6
4492.jpg,1,3
4493.jpg,0,88
4494.jpg,1,16
4495.jpg,2,46
4496.jpg,1,11
4497.jpg,0,79
4498.jpg,2,7
4499.jpg,2,23
4500.jpg,2,18
4501.jpg,1,12
4502.jpg,2,41
4503.jpg,1,53
4504.jpg,0,70
4505.jpg,2,46
4506.jpg,2,20
4507.jpg,1,76
4508.jpg,1,81
4509.jpg,2,64
4510.jpg,2,41
4511.jpg,1,86
4512.jpg,0,88
4513.jpg,2,21
4514.jpg,2,61
4515.jpg,2,68
4516.jpg,0,19
4517.jpg,2,18
4518.jpg,1,30
4519.jpg,0,47
4520.jpg,1,12
4521.jpg,1,56
4522.jpg,2,10
4523.jpg,1,81
4524.jpg,1,81
4525.jpg,0,84
4526.jpg,1,36
4527.jpg,0,0
4528.jpg,0,60
4529.jpg,2,64
4530.jpg,1,11
4531.jpg,0,85
4532.jpg,2,24
4533.jpg,2,32
4534.jpg,2,68
4535.jpg,1,86
4536.jpg,1,4
4537.jpg,0,55
4538.jpg,1,58
4539.jpg,0,40
4540.jpg,1,2
4541.jpg,2,52
4542.jpg,2,18
4543.jpg,2,21
4544.jpg,0,59
4545.jpg,1,69
4546.jpg,2,52
4547.jpg,0,40
4548.jpg,2,64
4549.jpg,0,72
4550.jpg,1,4
4551.jpg,2,7
4552.jpg,1,4
4553.jpg,2,64
4554.jpg,1,4
4555.jpg,2,71
4556.jpg,1,16
4557.jpg,1,87
4558.jpg,0,54
4559.jpg,1,76
4560.jpg,2,24
4561.jpg,1,11
4562.jpg,1,22
4563.jpg,2,7
4564.jpg,0,1
4565.jpg,2,35
4566.jpg,1,12
4567.jpg,1,12
4568.jpg,0,1
4569.jpg,1,2
4570.jpg,0,49
4571.jpg,1,9
4572.jpg,2,77
4573.jpg,2,7
4574.jpg,2,13
4575.jpg,2,46
4576.jpg,1,83
4577.jpg,1,81
4578.jpg,2,42
4579.jpg,2,21
4580.jpg,1,33
4581.jpg,2,68
4582.jpg,0,47
4583.jpg,2,52
4584.jpg,1,86
4585.jpg,2,68
4586.jpg,1,14
4587.jpg,1,4
4588.jpg,2,10
4589.jpg,1,87
4590.jpg,0,34
4591.jpg,2,64
4592.jpg,2,46
4593.jpg,2,42
4594.jpg,0,88
4595.jpg,2,20
4596.jpg,0,47
4597.jpg,1,5
4598.jpg,2,38
4599.jpg,0,63
4600.jpg,0,55
4601.jpg,2,43
4602.jpg,2,78
4603.jpg,2,29
4604.jpg,2,18
4605.jpg,0,84
4606.jpg,1,11
4607.jpg,2,52
4608.jpg,1,56
4609.jpg,0,49
4610.jpg,2,50
4611.jpg,2,27
4612.jpg,2,38
4613.jpg,2,43
4614.jpg,0,72
4615.jpg,1,76
4616.jpg,2,52
4617.jpg,1,33
4618.jpg,0,19
4619.jpg,0,31
4620.jpg,2,46
4621.jpg,1,45
4622.jpg,1,58
4623.jpg,0,0
4624.jpg,1,25
4625.jpg,2,68
4626.jpg,0,72
4627.jpg,2,50
4628.jpg,2,21
4629.jpg,2,20
4630.jpg,1,11
4631.jpg,0,84
4632.jpg,2,61
4633.jpg,1,11
4634.jpg,1,58
4635.jpg,1,4
4636.jpg,2,61
4637.jpg,2,68
4638.jpg,0,55
4639.jpg,2,21
4640.jpg,1,3
4641.jpg,2,35
4642.jpg,0,28
4643.jpg,2,6
4644.jpg,2,46
4645.jpg,1,86
4646.jpg,2,23
4647.jpg,0,63
4648.jpg,1,30
4649.jpg,0,72
4650.jpg,2,13
4651.jpg,2,43
4652.jpg,0,66
4653.jpg,1,4
4654.jpg,1,33
4655.jpg,1,33
4656.jpg,0,19
4657.jpg,2,13
4658.jpg,0,40
4659.jpg,0,79
4660.jpg,0,47
4661.jpg,2,21
4662.jpg,1,16
4663.jpg,2,64
4664.jpg,2,42
4665.jpg,0,15
4666.jpg,1,58
4667.jpg,2,42
4668.jpg,2,73
4669.jpg,1,33
4670.jpg,0,67
4671.jpg,1,53
4672.jpg,1,12
4673.jpg,1,2
4674.jpg,0,72
4675.jpg,2,65
4676.jpg,0,47
4677.jpg,2,46
4678.jpg,1,83
4679.jpg,2,7
4680.jpg,0,72
4681.jpg,0,47
4682.jpg,0,26
4683.jpg,1,51
4684.jpg,0,49
4685.jpg,0,80
4686.jpg,2,73
4687.jpg,1,53
4688.jpg,0,49
4689.jpg,2,74
4690.jpg,0,60
4691.jpg,0,31
4692.jpg,2,13
4693.jpg,1,12
4694.jpg,2,48
4695.jpg,0,70
4696.jpg,1,76
4697.jpg,0,84
4698.jpg,0,84
4699.jpg,2,35
4700.jpg,2,43
4701.jpg,1,82
4702.jpg,2,21
4703.jpg,2,13
4704.jpg,0,85
4705.jpg,0,26
4706.jpg,0,0
4707.jpg,2,73
4708.jpg,0,62
4709.jpg,0,57
4710.jpg,2,43
4711.jpg,2,7
4712.jpg,2,35
4713.jpg,0,1
4714.jpg,0,84
4715.jpg,0,34
4716.jpg,1,69
4717.jpg,1,4
4718.jpg,0,57
4719.jpg,1,86
4720.jpg,0,85
4721.jpg,0,79
4722.jpg,2,42
4723.jpg,2,7
4724.jpg,2,32
4725.jpg,2,21
4726.jpg,1,3
4727.jpg,2,42
4728.jpg,2,20
4729.jpg,2,24
4730.jpg,1,56
4731.jpg,1,51
4732.jpg,2,48
4733.jpg,2,64
4734.jpg,0,19
4735.jpg,2,6
4736.jpg,2,10
4737.jpg,2,27
4738.jpg,2,64
4739.jpg,1,56
4740.jpg,1,12
4741.jpg,2,32
4742.jpg,0,28
4743.jpg,2,48
4744.jpg,1,4
4745.jpg,0,34
4746.jpg,1,30
4747.jpg,2,43
4748.jpg,2,52
4749.jpg,1,22
4750.jpg,0,54
4751.jpg,2,32
4752.jpg,2,24
4753.jpg,2,18
4754.jpg,1,4
4755.jpg,2,42
4756.jpg,1,56
4757.jpg,1,4
4758.jpg,0,59
4759.jpg,2,52
4760.jpg,1,9
4761.jpg,0,1
4762.jpg,2,78
4763.jpg,2,64
4764.jpg,0,47
4765.jpg,2,7
4766.jpg,0,47
4767.jpg,1,4
4768.jpg,2,43
4769.jpg,2,46
4770.jpg,0,85
4771.jpg,0,40
4772.jpg,1,58
4773.jpg,1,17
4774.jpg,0,19
4775.jpg,0,80
4776.jpg,1,22
4777.jpg,0,84
4778.jpg,0,40
4779.jpg,1,44
4780.jpg,0,67
4781.jpg,2,27
4782.jpg,2,48
4783.jpg,0,19
4784.jpg,2,64
4785.jpg,1,22
4786.jpg,2,13
4787.jpg,1,33
4788.jpg,1,58
4789.jpg,0,85
4790.jpg,2,10
4791.jpg,2,21
4792.jpg,1,33
4793.jpg,2,48
4794.jpg,0,47
4795.jpg,0,28
4796.jpg,0,80
4797.jpg,2,6
4798.jpg,0,72
4799.jpg,1,2
4800.jpg,1,3
4801.jpg,0,19
4802.jpg,0,31
4803.jpg,2,24
4804.jpg,0,0
4805.jpg,0,60
4806.jpg,0,26
4807.jpg,2,18
4808.jpg,0,57
4809.jpg,1,83
4810.jpg,0,67
4811.jpg,2,41
4812.jpg,1,12
4813.jpg,1,4
4814.jpg,1,82
4815.jpg,1,33
4816.jpg,2,61
4817.jpg,2,52
4818.jpg,2,46
4819.jpg,0,28
4820.jpg,1,45
4821.jpg,1,22
4822.jpg,0,66
4823.jpg,0,49
4824.jpg,2,61
4825.jpg,0,47
4826.jpg,0,88
4827.jpg,2,42
4828.jpg,1,17
4829.jpg,0,34
4830.jpg,0,57
4831.jpg,1,33
4832.jpg,2,71
4833.jpg,2,23
4834.jpg,0,40
4835.jpg,0,31
4836.jpg,0,70
4837.jpg,0,37
4838.jpg,2,74
4839.jpg,1,87
4840.jpg,2,21
4841.jpg,0,79
4842.jpg,1,56
4843.jpg,2,48
4844.jpg,2,46
4845.jpg,1,76
4846.jpg,1,69
4847.jpg,1,22
4848.jpg,1,11
4849.jpg,1,2
4850.jpg,1,33
4851.jpg,1,30
4852.jpg,2,21
4853.jpg,0,72
4854.jpg,1,76
4855.jpg,0,84
4856.jpg,1,4
4857.jpg,1,56
4858.jpg,2,29
4859.jpg,1,8
4860.jpg,0,57
4861.jpg,0,55
4862.jpg,1,81
4863.jpg,1,33
4864.jpg,2,46
4865.jpg,1,33
4866.jpg,2,27
4867.jpg,0,59
4868.jpg,2,42
4869.jpg,0,54
4870.jpg,0,26
4871.jpg,2,24
4872.jpg,0,72
4873.jpg,0,57
4874.jpg,0,67
4875.jpg,0,75
4876.jpg,2,23
4877.jpg,0,80
4878.jpg,0,31
4879.jpg,0,79
4880.jpg,1,58
4881.jpg,2,21
4882.jpg,2,7
4883.jpg,2,38
4884.jpg,1,11
4885.jpg,0,37
4886.jpg,2,24
4887.jpg,2,18
4888.jpg,0,60
4889.jpg,0,55
4890.jpg,1,12
4891.jpg,1,36
4892.jpg,0,85
4893.jpg,0,0
4894.jpg,1,30
4895.jpg,1,33
4896.jpg,1,58
4897.jpg,0,31
4898.jpg,2,10
4899.jpg,2,35
4900.jpg,2,78
4901.jpg,2,71
4902.jpg,1,58
4903.jpg,0,59
4904.jpg,2,32
4905.jpg,1,16
4906.jpg,0,84
4907.jpg,2,52
4908.jpg,1,58
4909.jpg,0,55
4910.jpg,1,11
4911.jpg,1,53
4912.jpg,2,48
4913.jpg,0,62
4914.jpg,2,38
4915.jpg,1,33
4916.jpg,2,43
4917.jpg,0,37
4918.jpg,1,2
4919.jpg,0,88
4920.jpg,2,48
4921.jpg,1,36
4922.jpg,0,72
4923.jpg,1,11
4924.jpg,2,73
4925.jpg,2,61
4926.jpg,0,31
4927.jpg,0,40
4928.jpg,2,43
4929.jpg,2,20
4930.jpg,2,10
4931.jpg,2,18
4932.jpg,2,46
4933.jpg,1,16
4934.jpg,0,88
4935.jpg,1,83
4936.jpg,1,56
4937.jpg,0,47
4938.jpg,1,8
4939.jpg,2,43
4940.jpg,0,31
4941.jpg,1,16
4942.jpg,0,75
4943.jpg,1,30
4944.jpg,0,55
4945.jpg,1,76
4946.jpg,0,80
4947.jpg,2,7
4948.jpg,2,61
4949.jpg,1,58
4950.jpg,2,61
4951.jpg,1,2
4952.jpg,1,83
4953.jpg,2,35
4954.jpg,0,59
4955.jpg,2,46
4956.jpg,1,4
4957.jpg,2,23
4958.jpg,2,61
4959.jpg,1,3
4960.jpg,1,82
4961.jpg,2,7
4962.jpg,0,34
4963.jpg,1,83
4964.jpg,2,41
4965.jpg,1,83
4966.jpg,0,88
4967.jpg,1,2
4968.jpg,2,21
4969.jpg,2,6
4970.jpg,2,46
4971.jpg,2,20
4972.jpg,2,74
4973.jpg,1,11
4974.jpg,0,84
4975.jpg,2,20
4976.jpg,2,38
4977.jpg,1,86
4978.jpg,0,55
4979.jpg,2,48
4980.jpg,0,72
4981.jpg,2,18
4982.jpg,2,32
4983.jpg,1,87
4984.jpg,0,47
4985.jpg,0,47
4986.jpg,1,14
4987.jpg,2,64
4988.jpg,2,41
4989.jpg,2,43
4990.jpg,2,71
4991.jpg,2,21
4992.jpg,2,52
4993.jpg,1,44
4994.jpg,1,3
4995.jpg,2,7
4996.jpg,0,34
4997.jpg,0,19
4998.jpg,2,38
4999.jpg,1,12
5000.jpg,0,40
5001.jpg,0,60
5002.jpg,1,56
5003.jpg,1,30
5004.jpg,2,32
5005.jpg,0,79
5006.jpg,1,5
5007.jpg,1,56
5008.jpg,2,20
5009.jpg,0,26
5010.jpg,1,45
5011.jpg,2,35
5012.jpg,2,48
5013.jpg,1,11
5014.jpg,0,67
5015.jpg,1,44
5016.jpg,0,80
5017.jpg,1,87
5018.jpg,0,63
5019.jpg,1,56
5020.jpg,1,30
5021.jpg,0,37
5022.jpg,1,14
5023.jpg,0,54
5024.jpg,2,46
5025.jpg,0,37
5026.jpg,2,50
5027.jpg,0,54
5028.jpg,2,41
5029.jpg,2,32
5030.jpg,0,85
5031.jpg,2,18
5032.jpg,2,27
5033.jpg,1,25
5034.jpg,2,7
5035.jpg,2,77
5036.jpg,1,22
5037.jpg,0,0
5038.jpg,2,48
5039.jpg,1,2
5040.jpg,2,78
5041.jpg,2,21
5042.jpg,0,88
5043.jpg,2,42
5044.jpg,0,49
5045.jpg,2,74
5046.jpg,0,31
5047.jpg,0,37
5048.jpg,1,12
5049.jpg,0,0
5050.jpg,0,75
5051.jpg,2,64
5052.jpg,2,7
5053.jpg,2,78
5054.jpg,0,1
5055.jpg,2,52
5056.jpg,2,18
5057.jpg,0,60
5058.jpg,2,50
5059.jpg,2,64
5060.jpg,2,24
5061.jpg,1,82
5062.jpg,1,30
5063.jpg,1,69
5064.jpg,1,30
5065.jpg,0,39
5066.jpg,2,7
5067.jpg,2,41
5068.jpg,2,27
5069.jpg,2,71
5070.jpg,2,35
5071.jpg,2,52
5072.jpg,1,14
5073.jpg,2,68
5074.jpg,1,2
5075.jpg,2,68
5076.jpg,1,14
5077.jpg,2,38
5078.jpg,2,35
5079.jpg,0,31
5080.jpg,2,78
5081.jpg,1,14
5082.jpg,2,13
5083.jpg,2,7
5084.jpg,1,86
5085.jpg,0,55
5086.jpg,2,35
5087.jpg,2,29
5088.jpg,1,30
5089.jpg,0,88
5090.jpg,0,67
5091.jpg,1,51
5092.jpg,0,28
5093.jpg,1,8
5094.jpg,1,44
5095.jpg,2,71
5096.jpg,2,18
5097.jpg,2,7
5098.jpg,1,51
5099.jpg,2,64
5100.jpg,0,62
5101.jpg,0,57
5102.jpg,1,4
5103.jpg,0,57
5104.jpg,1,58
5105.jpg,1,33
5106.jpg,0,26
5107.jpg,2,10
5108.jpg,2,41
5109.jpg,0,63
5110.jpg,1,4
5111.jpg,2,24
5112.jpg,2,27
5113.jpg,1,76
5114.jpg,0,37
5115.jpg,2,18
5116.jpg,2,35
5117.jpg,0,19
5118.jpg,1,11
5119.jpg,0,40
5120.jpg,1,36
5121.jpg,2,32
5122.jpg,2,64
5123.jpg,1,51
5124.jpg,1,3
5125.jpg,1,36
5126.jpg,0,66
5127.jpg,1,45
5128.jpg,0,26
5129.jpg,0,49
5130.jpg,1,51
5131.jpg,1,45
5132.jpg,2,24
5133.jpg,1,11
5134.jpg,1,3
5135.jpg,0,88
5136.jpg,1,87
5137.jpg,0,84
5138.jpg,1,4
5139.jpg,1,4
5140.jpg,0,75
5141.jpg,0,47
5142.jpg,1,12
5143.jpg,2,10
5144.jpg,0,34
5145.jpg,0,54
5146.jpg,1,44
5147.jpg,2,24
5148.jpg,2,42
5149.jpg,1,51
5150.jpg,0,49
5151.jpg,2,74
5152.jpg,1,83
5153.jpg,0,1
5154.jpg,1,12
5155.jpg,1,87
5156.jpg,0,63
5157.jpg,0,62
5158.jpg,0,85
5159.jpg,1,86
5160.jpg,1,25
5161.jpg,0,47
5162.jpg,0,26
5163.jpg,2,29
5164.jpg,1,44
5165.jpg,2,64
5166.jpg,1,2
5167.jpg,2,24
5168.jpg,0,19
5169.jpg,2,43
5170.jpg,2,20
5171.jpg,1,5
5172.jpg,0,72
5173.jpg,1,17
5174.jpg,0,19
5175.jpg,2,27
5176.jpg,2,52
5177.jpg,1,45
5178.jpg,1,4
5179.jpg,2,73
5180.jpg,2,32
5181.jpg,2,52
5182.jpg,1,86
5183.jpg,0,67
5184.jpg,2,20
5185.jpg,1,30
5186.jpg,0,67
5187.jpg,0,15
5188.jpg,2,20
5189.jpg,1,2
5190.jpg,1,22
5191.jpg,0,88
5192.jpg,1,12
5193.jpg,2,41
5194.jpg,1,33
5195.jpg,2,65
5196.jpg,0,39
5197.jpg,1,30
5198.jpg,0,84
5199.jpg,1,3
5200.jpg,2,71
5201.jpg,1,22
5202.jpg,1,9
5203.jpg,0,79
5204.jpg,2,41
5205.jpg,0,84
5206.jpg,0,39
5207.jpg,1,44
5208.jpg,0,37
5209.jpg,2,48
5210.jpg,0,70
5211.jpg,1,82
5212.jpg,2,64
5213.jpg,1,17
5214.jpg,2,71
5215.jpg,0,55
5216.jpg,1,36
5217.jpg,2,13
5218.jpg,2,32
5219.jpg,1,5
5220.jpg,2,10
5221.jpg,2,48
5222.jpg,1,45
5223.jpg,0,60
5224.jpg,2,20
5225.jpg,1,11
5226.jpg,0,39
5227.jpg,0,37
5228.jpg,0,54
5229.jpg,0,19
5230.jpg,1,22
5231.jpg,2,27
5232.jpg,2,64
5233.jpg,2,35
5234.jpg,0,28
5235.jpg,0,1
5236.jpg,1,86
5237.jpg,1,83
5238.jpg,2,35
5239.jpg,2,41
5240.jpg,0,55
5241.jpg,0,26
5242.jpg,1,86
5243.jpg,2,24
5244.jpg,0,40
5245.jpg,2,20
5246.jpg,1,16
5247.jpg,0,79
5248.jpg,1,3
5249.jpg,2,35
5250.jpg,0,28
5251.jpg,2,23
5252.jpg,1,22
5253.jpg,2,18
5254.jpg,1,81
5255.jpg,2,61
5256.jpg,2,35
5257.jpg,0,57
5258.jpg,1,81
5259.jpg,2,13
5260.jpg,1,83
5261.jpg,2,38
5262.jpg,2,10
5263.jpg,2,71
5264.jpg,1,8
5265.jpg,0,62
5266.jpg,0,66
5267.jpg,1,12
5268.jpg,1,56
5269.jpg,0,85
5270.jpg,0,15
5271.jpg,2,64
5272.jpg,0,60
5273.jpg,2,13
5274.jpg,1,81
5275.jpg,0,85
5276.jpg,2,74
5277.jpg,0,57
5278.jpg,2,32
5279.jpg,2,68
5280.jpg,1,4
5281.jpg,2,43
5282.jpg,2,10
5283.jpg,1,44
5284.jpg,0,57
5285.jpg,0,54
5286.jpg,0,57
5287.jpg,2,42
5288.jpg,0,59
5289.jpg,2,29
5290.jpg,2,38
5291.jpg,2,24
5292.jpg,2,21
5293.jpg,1,86
5294.jpg,1,87
5295.jpg,2,77
5296.jpg,0,19
5297.jpg,0,47
5298.jpg,1,36
5299.jpg,1,30
5300.jpg,1,2
5301.jpg,2,7
5302.jpg,0,15
5303.jpg,1,86
5304.jpg,2,18
5305.jpg,0,66
5306.jpg,1,56
5307.jpg,2,29
5308.jpg,1,22
5309.jpg,0,1
5310.jpg,2,18
5311.jpg,2,43
5312.jpg,1,2
5313.jpg,1,53
5314.jpg,2,46
5315.jpg,1,4
5316.jpg,1,4
5317.jpg,2,46
5318.jpg,2,35
5319.jpg,2,18
5320.jpg,2,46
5321.jpg,0,88
5322.jpg,2,42
5323.jpg,1,3
5324.jpg,0,55
5325.jpg,2,48
5326.jpg,1,33
5327.jpg,2,10
5328.jpg,2,78
5329.jpg,1,81
5330.jpg,2,52
5331.jpg,2,24
5332.jpg,1,12
5333.jpg,0,49
5334.jpg,2,68
5335.jpg,0,55
5336.jpg,0,47
5337.jpg,2,23
5338.jpg,1,2
5339.jpg,2,24
5340.jpg,1,9
5341.jpg,2,32
5342.jpg,0,26
5343.jpg,2,42
5344.jpg,2,71
5345.jpg,1,16
5346.jpg,0,54
5347.jpg,2,61
5348.jpg,1,83
5349.jpg,0,55
5350.jpg,2,7
5351.jpg,0,55
5352.jpg,0,57
5353.jpg,0,72
5354.jpg,1,51
5355.jpg,1,81
5356.jpg,0,19
5357.jpg,1,9
5358.jpg,2,13
5359.jpg,0,31
5360.jpg,2,21
5361.jpg,2,18
5362.jpg,2,52
5363.jpg,0,49
5364.jpg,1,82
5365.jpg,2,41
5366.jpg,1,83
5367.jpg,0,62
5368.jpg,2,61
5369.jpg,1,2
5370.jpg,2,29
5371.jpg,1,16
5372.jpg,2,13
5373.jpg,1,3
5374.jpg,2,73
5375.jpg,0,84
5376.jpg,0,49
5377.jpg,2,46
5378.jpg,1,16
5379.jpg,1,11
5380.jpg,0,88
5381.jpg,2,71
5382.jpg,0,31
5383.jpg,1,17
5384.jpg,2,13
5385.jpg,1,58
5386.jpg,2,64
5387.jpg,1,22
5388.jpg,0,66
5389.jpg,0,49
5390.jpg,2,50
5391.jpg,0,19
5392.jpg,1,5
5393.jpg,2,71
5394.jpg,0,57
5395.jpg,2,10
5396.jpg,2,64
5397.jpg,0,40
5398.jpg,1,86
5399.jpg,2,29
5400.jpg,2,64
5401.jpg,2,21
5402.jpg,0,84
5403.jpg,2,23
5404.jpg,1,4
5405.jpg,0,70
5406.jpg,2,43
5407.jpg,2,27
5408.jpg,2,61
5409.jpg,1,25
5410.jpg,1,53
5411.jpg,2,7
5412.jpg,1,76
5413.jpg,2,35
5414.jpg,1,11
5415.jpg,1,33
5416.jpg,1,12
5417.jpg,2,23
5418.jpg,2,50
5419.jpg,0,85
5420.jpg,2,23
5421.jpg,1,76
5422.jpg,2,13
5423.jpg,2,61
5424.jpg,0,49
5425.jpg,0,39
5426.jpg,2,64
5427.jpg,2,74
5428.jpg,1,58
5429.jpg,2,65
5430.jpg,0,47
5431.jpg,2,71
5432.jpg,0,19
5433.jpg,1,22
5434.jpg,2,43
5435.jpg,1,9
5436.jpg,1,33
5437.jpg,0,19
5438.jpg,1,17
5439.jpg,1,76
5440.jpg,1,56
5441.jpg,1,36
5442.jpg,1,33
5443.jpg,1,12
5444.jpg,2,43
5445.jpg,1,33
5446.jpg,1,4
5447.jpg,2,61
5448.jpg,2,7
5449.jpg,0,84
5450.jpg,0,80
5451.jpg,2,61
5452.jpg,2,21
5453.jpg,2,23
5454.jpg,0,67
5455.jpg,1,58
5456.jpg,1,25
5457.jpg,1,30
5458.jpg,1,22
5459.jpg,1,3
5460.jpg,0,79
5461.jpg,2,23
5462.jpg,1,58
5463.jpg,2,78
5464.jpg,2,65
5465.jpg,0,63
5466.jpg,2,46
5467.jpg,2,13
5468.jpg,0,60
5469.jpg,0,57
5470.jpg,1,4
5471.jpg,1,86
5472.jpg,0,66
5473.jpg,0,85
5474.jpg,1,56
5475.jpg,0,54
5476.jpg,2,61
5477.jpg,1,56
5478.jpg,2,52
5479.jpg,2,21
5480.jpg,0,47
5481.jpg,0,84
5482.jpg,2,23
5483.jpg,0,59
5484.jpg,2,50
5485.jpg,1,25
5486.jpg,2,64
5487.jpg,0,66
5488.jpg,1,33
5489.jpg,2,46
5490.jpg,1,9
5491.jpg,0,62
5492.jpg,0,59
5493.jpg,2,71
5494.jpg,2,24
5495.jpg,2,24
5496.jpg,0,15
5497.jpg,2,20
5498.jpg,2,65
5499.jpg,0,37
5500.jpg,1,58
5501.jpg,0,79
5502.jpg,2,27
5503.jpg,1,11
5504.jpg,2,10
5505.jpg,0,67
5506.jpg,2,21
5507.jpg,1,86
5508.jpg,1,33
5509.jpg,1,5
5510.jpg,2,35
5511.jpg,1,76
5512.jpg,1,33
5513.jpg,1,2
5514.jpg,0,67
5515.jpg,0,47
5516.jpg,0,67
5517.jpg,2,38
5518.jpg,0,57
5519.jpg,1,44
5520.jpg,1,81
5521.jpg,0,19
5522.jpg,0,67
5523.jpg,0,19
5524.jpg,0,19
5525.jpg,1,86
5526.jpg,0,37
5527.jpg,0,66
5528.jpg,2,46
5529.jpg,2,46
5530.jpg,0,70
5531.jpg,2,7
5532.jpg,2,13
5533.jpg,2,27
5534.jpg,0,60
5535.jpg,2,42
5536.jpg,1,56
5537.jpg,1,53
5538.jpg,2,29
5539.jpg,1,56
5540.jpg,0,19
5541.jpg,2,68
5542.jpg,1,3
5543.jpg,2,20
5544.jpg,2,35
5545.jpg,2,42
5546.jpg,1,33
5547.jpg,0,55
5548.jpg,0,67
5549.jpg,1,22
5550.jpg,2,21
5551.jpg,2,64
5552.jpg,1,56
5553.jpg,1,25
5554.jpg,2,35
5555.jpg,1,4
5556.jpg,1,36
5557.jpg,1,51
5558.jpg,1,2
5559.jpg,0,28
5560.jpg,1,14
5561.jpg,0,72
5562.jpg,2,74
5563.jpg,1,44
5564.jpg,0,19
5565.jpg,1,86
5566.jpg,1,14
5567.jpg,2,29
5568.jpg,0,47
5569.jpg,1,22
5570.jpg,1,5
5571.jpg,0,59
5572.jpg,1,76
5573.jpg,2,50
5574.jpg,2,64
5575.jpg,1,44
5576.jpg,0,70
5577.jpg,1,22
5578.jpg,1,87
5579.jpg,2,6
5580.jpg,0,0
5581.jpg,0,80
5582.jpg,1,12
5583.jpg,2,50
5584.jpg,2,7
5585.jpg,0,26
5586.jpg,0,47
5587.jpg,2,52
5588.jpg,0,47
5589.jpg,0,85
5590.jpg,1,56
5591.jpg,2,64
5592.jpg,2,27
5593.jpg,1,2
5594.jpg,2,13
5595.jpg,1,81
5596.jpg,0,49
5597.jpg,2,48
5598.jpg,2,38
5599.jpg,1,76
5600.jpg,0,19
5601.jpg,2,41
5602.jpg,1,5
5603.jpg,1,56
5604.jpg,1,58
5605.jpg,0,55
5606.jpg,2,71
5607.jpg,0,28
5608.jpg,1,9
5609.jpg,0,88
5610.jpg,2,68
5611.jpg,2,42
5612.jpg,0,85
5613.jpg,2,6
5614.jpg,2,7
5615.jpg,2,52
5616.jpg,0,67
5617.jpg,2,61
5618.jpg,1,11
5619.jpg,0,70
5620.jpg,2,24
5621.jpg,1,56
5622.jpg,1,17
5623.jpg,0,70
5624.jpg,0,62
5625.jpg,2,78
5626.jpg,0,39
5627.jpg,1,86
5628.jpg,1,12
5629.jpg,1,4
5630.jpg,2,38
5631.jpg,1,9
5632.jpg,0,60
5633.jpg,1,4
5634.jpg,1,11
5635.jpg,1,45
5636.jpg,2,78
5637.jpg,2,42
5638.jpg,0,72
5639.jpg,2,35
5640.jpg,1,86
5641.jpg,0,55
5642.jpg,1,81
5643.jpg,0,79
5644.jpg,1,51
5645.jpg,2,10
5646.jpg,1,82
5647.jpg,1,14
5648.jpg,0,28
5649.jpg,0,0
5650.jpg,1,16
5651.jpg,2,21
5652.jpg,0,19
5653.jpg,0,57
5654.jpg,0,47
5655.jpg,2,61
5656.jpg,0,62
5657.jpg,2,24
5658.jpg,2,7
5659.jpg,1,22
5660.jpg,1,2
5661.jpg,2,20
5662.jpg,2,46
5663.jpg,2,78
5664.jpg,0,49
5665.jpg,1,12
5666.jpg,2,35
5667.jpg,1,30
5668.jpg,2,32
5669.jpg,2,41
5670.jpg,0,47
5671.jpg,1,17
5672.jpg,2,41
5673.jpg,0,40
5674.jpg,1,81
5675.jpg,0,34
5676.jpg,0,84
5677.jpg,0,40
5678.jpg,1,36
5679.jpg,2,71
5680.jpg,1,69
5681.jpg,0,67
5682.jpg,2,64
5683.jpg,2,48
5684.jpg,2,41
5685.jpg,2,24
5686.jpg,2,41
5687.jpg,2,73
5688.jpg,2,23
5689.jpg,1,51
5690.jpg,2,48
5691.jpg,2,38
5692.jpg,2,52
5693.jpg,2,43
5694.jpg,2,78
5695.jpg,0,85
5696.jpg,0,75
5697.jpg,2,50
5698.jpg,1,81
5699.jpg,1,45
5700.jpg,0,47
5701.jpg,0,67
5702.jpg,2,27
5703.jpg,0,28
5704.jpg,1,4
5705.jpg,2,29
5706.jpg,0,31
5707.jpg,0,67
5708.jpg,2,13
5709.jpg,2,7
5710.jpg,0,26
5711.jpg,0,72
5712.jpg,2,32
5713.jpg,1,4
5714.jpg,1,86
5715.jpg,0,62
5716.jpg,0,31
5717.jpg,1,3
5718.jpg,0,67
5719.jpg,1,22
5720.jpg,1,12
5721.jpg,2,43
5722.jpg,1,12
5723.jpg,1,14
5724.jpg,2,32
5725.jpg,1,44
5726.jpg,1,58
5727.jpg,1,69
5728.jpg,0,31
5729.jpg,2,42
5730.jpg,2,68
5731.jpg,2,18
5732.jpg,1,11
5733.jpg,0,19
5734.jpg,0,54
5735.jpg,0,57
5736.jpg,0,67
5737.jpg,2,68
5738.jpg,0,0
5739.jpg,1,33
5740.jpg,2,20
5741.jpg,2,73
5742.jpg,2,65
5743.jpg,2,64
5744.jpg,2,23
5745.jpg,1,33
5746.jpg,0,88
5747.jpg,0,88
5748.jpg,2,7
5749.jpg,1,51
5750.jpg,0,84
5751.jpg,1,30
5752.jpg,2,48
5753.jpg,0,15
5754.jpg,1,51
5755.jpg,1,3
5756.jpg,1,30
5757.jpg,2,27
5758.jpg,2,73
5759.jpg,2,65
5760.jpg,0,59
5761.jpg,1,5
5762.jpg,0,19
5763.jpg,2,48
5764.jpg,1,58
5765.jpg,0,54
5766.jpg,2,61
5767.jpg,2,42
5768.jpg,2,35
5769.jpg,1,12
5770.jpg,0,62
5771.jpg,1,44
5772.jpg,0,57
5773.jpg,2,52
5774.jpg,0,70
5775.jpg,2,71
5776.jpg,0,70
5777.jpg,2,65
5778.jpg,2,13
5779.jpg,0,55
5780.jpg,1,76
5781.jpg,2,18
5782.jpg,2,32
5783.jpg,2,20
5784.jpg,0,1
5785.jpg,2,27
5786.jpg,0,55
5787.jpg,2,10
5788.jpg,0,39
5789.jpg,2,20
5790.jpg,2,74
5791.jpg,0,60
5792.jpg,0,67
5793.jpg,1,69
5794.jpg,2,13
5795.jpg,0,67
5796.jpg,0,67
5797.jpg,0,54
5798.jpg,0,72
5799.jpg,2,20
5800.jpg,0,34
5801.jpg,0,19
5802.jpg,2,71
5803.jpg,2,71
5804.jpg,2,74
5805.jpg,1,11
5806.jpg,2,61
5807.jpg,0,60
5808.jpg,2,27
5809.jpg,0,66
5810.jpg,0,72
5811.jpg,0,31
5812.jpg,0,84
5813.jpg,2,21
5814.jpg,0,75
5815.jpg,1,2
5816.jpg,1,36
5817.jpg,2,74
5818.jpg,0,47
5819.jpg,2,64
5820.jpg,1,2
5821.jpg,1,5
5822.jpg,0,67
5823.jpg,1,12
5824.jpg,1,33
5825.jpg,1,36
5826.jpg,0,88
5827.jpg,0,19
5828.jpg,2,6
5829.jpg,1,4
5830.jpg,2,52
5831.jpg,2,78
5832.jpg,1,11
5833.jpg,0,1
5834.jpg,0,57
5835.jpg,2,73
5836.jpg,1,11
5837.jpg,1,51
5838.jpg,1,8
5839.jpg,2,35
5840.jpg,1,11
5841.jpg,1,2
5842.jpg,0,67
5843.jpg,0,37
5844.jpg,1,53
5845.jpg,2,21
5846.jpg,1,86
5847.jpg,2,13
5848.jpg,2,50
5849.jpg,2,42
5850.jpg,2,42
5851.jpg,2,42
5852.jpg,0,31
5853.jpg,2,29
5854.jpg,1,25
5855.jpg,2,46
5856.jpg,2,29
5857.jpg,2,38
5858.jpg,2,48
5859.jpg,0,80
5860.jpg,1,86
5861.jpg,2,35
5862.jpg,2,27
5863.jpg,1,30
5864.jpg,1,11
5865.jpg,0,54
5866.jpg,0,15
5867.jpg,2,42
5868.jpg,2,35
5869.jpg,2,42
5870.jpg,0,84
5871.jpg,2,46
5872.jpg,2,41
5873.jpg,2,27
5874.jpg,1,45
5875.jpg,2,41
5876.jpg,2,6
5877.jpg,0,72
5878.jpg,1,87
5879.jpg,2,77
5880.jpg,0,55
5881.jpg,1,56
5882.jpg,1,12
5883.jpg,1,51
5884.jpg,0,40
5885.jpg,1,30
5886.jpg,2,52
5887.jpg,0,79
5888.jpg,0,79
5889.jpg,2,50
5890.jpg,2,21
5891.jpg,2,52
5892.jpg,2,65
5893.jpg,1,86
5894.jpg,0,19
5895.jpg,0,62
5896.jpg,0,63
5897.jpg,1,51
5898.jpg,2,64
5899.jpg,2,7
5900.jpg,0,57
5901.jpg,0,79
5902.jpg,2,65
5903.jpg,1,86
5904.jpg,2,42
5905.jpg,1,12
5906.jpg,2,13
5907.jpg,0,88
5908.jpg,1,33
5909.jpg,1,25
5910.jpg,2,43
5911.jpg,0,67
5912.jpg,2,77
5913.jpg,0,47
5914.jpg,0,1
5915.jpg,1,81
5916.jpg,2,64
5917.jpg,1,87
5918.jpg,2,42
5919.jpg,2,61
5920.jpg,2,77
5921.jpg,0,72
5922.jpg,0,79
5923.jpg,2,52
5924.jpg,0,40
5925.jpg,1,12
5926.jpg,1,4
5927.jpg,2,24
5928.jpg,2,20
5929.jpg,0,31
5930.jpg,1,8
5931.jpg,1,9
5932.jpg,2,21
5933.jpg,2,42
5934.jpg,1,86
5935.jpg,0,70
5936.jpg,0,63
5937.jpg,2,29
5938.jpg,0,84
5939.jpg,0,60
5940.jpg,0,1
5941.jpg,1,56
5942.jpg,0,19
5943.jpg,2,24
5944.jpg,2,52
5945.jpg,1,30
5946.jpg,1,3
5947.jpg,2,43
5948.jpg,1,17
5949.jpg,2,43
5950.jpg,2,10
5951.jpg,1,56
5952.jpg,2,52
5953.jpg,1,17
5954.jpg,2,73
5955.jpg,2,48
5956.jpg,1,16
5957.jpg,2,65
5958.jpg,0,63
5959.jpg,2,23
5960.jpg,0,63
5961.jpg,2,78
5962.jpg,0,47
5963.jpg,0,37
5964.jpg,2,46
5965.jpg,1,33
5966.jpg,2,23
5967.jpg,2,77
5968.jpg,2,64
5969.jpg,0,54
5970.jpg,2,42
5971.jpg,1,58
5972.jpg,1,76
5973.jpg,2,18
5974.jpg,0,15
5975.jpg,1,12
5976.jpg,2,32
5977.jpg,1,12
5978.jpg,2,74
5979.jpg,2,46
5980.jpg,0,19
5981.jpg,0,31
5982.jpg,0,19
5983.jpg,2,35
5984.jpg,1,2
5985.jpg,0,40
5986.jpg,2,21
5987.jpg,0,47
5988.jpg,2,71
5989.jpg,0,34
5990.jpg,1,4
5991.jpg,2,46
5992.jpg,2,46
5993.jpg,1,4
5994.jpg,2,42
5995.jpg,2,21
5996.jpg,0,19
5997.jpg,0,55
5998.jpg,0,75
5999.jpg,0,80
6000.jpg,0,79
6001.jpg,2,71
6002.jpg,0,15
6003.jpg,2,13
6004.jpg,2,48
6005.jpg,1,51
6006.jpg,0,54
6007.jpg,2,46
6008.jpg,2,18
6009.jpg,2,18
6010.jpg,2,41
6011.jpg,0,84
6012.jpg,0,88
6013.jpg,1,2
6014.jpg,0,59
6015.jpg,2,18
6016.jpg,2,64
6017.jpg,1,76
6018.jpg,0,66
6019.jpg,1,76
6020.jpg,2,24
6021.jpg,1,2
6022.jpg,0,79
6023.jpg,0,59
6024.jpg,2,13
6025.jpg,0,84
6026.jpg,2,46
6027.jpg,0,66
6028.jpg,2,46
6029.jpg,2,13
6030.jpg,2,35
6031.jpg,2,6
6032.jpg,0,37
6033.jpg,1,58
6034.jpg,2,13
6035.jpg,1,17
6036.jpg,0,55
6037.jpg,0,1
6038.jpg,2,50
6039.jpg,2,6
6040.jpg,2,7
6041.jpg,2,35
6042.jpg,1,17
6043.jpg,1,83
6044.jpg,1,58
6045.jpg,1,12
6046.jpg,1,56
6047.jpg,2,64
6048.jpg,0,54
6049.jpg,1,44
6050.jpg,1,2
6051.jpg,2,18
6052.jpg,1,11
6053.jpg,2,7
6054.jpg,0,15
6055.jpg,1,11
6056.jpg,0,19
6057.jpg,2,48
6058.jpg,1,3
6059.jpg,1,58
6060.jpg,2,78
6061.jpg,2,13
6062.jpg,0,67
6063.jpg,1,25
6064.jpg,0,80
6065.jpg,2,6
6066.jpg,0,72
6067.jpg,1,3
6068.jpg,2,64
6069.jpg,2,43
6070.jpg,1,22
6071.jpg,0,37
6072.jpg,2,23
6073.jpg,0,62
6074.jpg,0,79
6075.jpg,0,37
6076.jpg,1,53
6077.jpg,1,76
6078.jpg,2,46
6079.jpg,2,48
6080.jpg,0,80
6081.jpg,2,65
6082.jpg,0,60
6083.jpg,0,37
6084.jpg,1,5
6085.jpg,0,55
6086.jpg,1,69
6087.jpg,2,20
6088.jpg,0,49
6089.jpg,2,71
6090.jpg,1,4
6091.jpg,1,86
6092.jpg,0,85
6093.jpg,2,52
6094.jpg,0,57
6095.jpg,1,3
6096.jpg,2,32
6097.jpg,0,75
6098.jpg,2,13
6099.jpg,1,56
6100.jpg,2,32
6101.jpg,1,86
6102.jpg,0,55
6103.jpg,2,18
6104.jpg,2,74
6105.jpg,0,57
6106.jpg,0,31
6107.jpg,2,18
6108.jpg,1,22
6109.jpg,0,31
6110.jpg,1,22
6111.jpg,2,42
6112.jpg,1,14
6113.jpg,1,22
6114.jpg,2,27
6115.jpg,1,81
6116.jpg,0,55
6117.jpg,1,4
6118.jpg,0,85
6119.jpg,1,12
6120.jpg,0,57
6121.jpg,0,40
6122.jpg,1,3
6123.jpg,2,21
6124.jpg,2,6
6125.jpg,1,76
6126.jpg,1,86
6127.jpg,0,1
6128.jpg,1,33
6129.jpg,2,61
6130.jpg,2,27
6131.jpg,2,46
6132.jpg,2,74
6133.jpg,2,6
6134.jpg,0,59
6135.jpg,2,27
6136.jpg,0,79
6137.jpg,2,65
6138.jpg,2,23
6139.jpg,0,55
6140.jpg,2,23
6141.jpg,2,52
6142.jpg,1,30
6143.jpg,0,80
6144.jpg,1,3
6145.jpg,2,52
6146.jpg,2,21
6147.jpg,1,30
6148.jpg,2,18
6149.jpg,1,22
6150.jpg,2,24
6151.jpg,2,61
6152.jpg,2,74
6153.jpg,1,11
6154.jpg,2,61
6155.jpg,0,1
6156.jpg,2,32
6157.jpg,1,69
6158.jpg,0,0
6159.jpg,0,67
6160.jpg,1,58
6161.jpg,1,33
6162.jpg,2,7
6163.jpg,2,23
6164.jpg,0,49
6165.jpg,0,79
6166.jpg,2,71
6167.jpg,2,65
6168.jpg,1,4
6169.jpg,1,86
6170.jpg,1,82
6171.jpg,1,44
6172.jpg,0,15
6173.jpg,1,76
6174.jpg,2,46
6175.jpg,1,22
6176.jpg,1,69
6177.jpg,0,34
6178.jpg,2,38
6179.jpg,1,2
6180.jpg,2,35
6181.jpg,1,51
6182.jpg,0,55
6183.jpg,0,19
6184.jpg,0,15
6185.jpg,1,45
6186.jpg,2,7
6187.jpg,1,8
6188.jpg,2,42
6189.jpg,1,81
6190.jpg,0,39
6191.jpg,1,76
6192.jpg,2,35
6193.jpg,2,78
6194.jpg,2,77
6195.jpg,0,54
6196.jpg,1,83
6197.jpg,1,30
6198.jpg,1,11
6199.jpg,1,86
6200.jpg,1,33
6201.jpg,2,7
6202.jpg,1,4
6203.jpg,1,2
6204.jpg,2,13
6205.jpg,1,86
6206.jpg,2,24
6207.jpg,0,31
6208.jpg,2,7
6209.jpg,1,11
6210.jpg,1,3
6211.jpg,2,23
6212.jpg,1,36
6213.jpg,1,3
6214.jpg,2,46
6215.jpg,0,34
6216.jpg,1,58
6217.jpg,2,61
6218.jpg,2,21
6219.jpg,2,41
6220.jpg,0,62
6221.jpg,2,29
6222.jpg,1,76
6223.jpg,2,42
6224.jpg,2,24
6225.jpg,1,2
6226.jpg,1,12
6227.jpg,0,67
6228.jpg,0,75
6229.jpg,2,20
6230.jpg,1,5
6231.jpg,0,49
6232.jpg,1,45
6233.jpg,0,85
6234.jpg,1,3
6235.jpg,2,73
6236.jpg,0,31
6237.jpg,2,18
6238.jpg,1,4
6239.jpg,0,70
6240.jpg,0,85
6241.jpg,1,53
6242.jpg,2,7
6243.jpg,2,41
6244.jpg,2,43
6245.jpg,1,8
6246.jpg,2,7
6247.jpg,1,8
6248.jpg,2,21
6249.jpg,0,85
6250.jpg,2,6
6251.jpg,0,39
6252.jpg,0,70
6253.jpg,1,14
6254.jpg,1,2
6255.jpg,2,48
6256.jpg,0,40
6257.jpg,2,20
6258.jpg,2,46
6259.jpg,1,44
6260.jpg,2,24
6261.jpg,2,20
6262.jpg,0,57
6263.jpg,2,41
6264.jpg,0,28
6265.jpg,2,35
6266.jpg,2,73
6267.jpg,1,76
6268.jpg,2,71
6269.jpg,1,81
6270.jpg,2,42
6271.jpg,2,61
6272.jpg,0,47
6273.jpg,2,43
6274.jpg,0,84
6275.jpg,2,18
6276.jpg,2,23
6277.jpg,0,19
6278.jpg,2,71
6279.jpg,1,11
6280.jpg,2,29
6281.jpg,0,70
6282.jpg,2,77
6283.jpg,0,0
6284.jpg,0,67
6285.jpg,0,70
6286.jpg,2,32
6287.jpg,0,80
6288.jpg,0,15
6289.jpg,2,46
6290.jpg,0,75
6291.jpg,2,29
6292.jpg,1,58
6293.jpg,0,60
6294.jpg,0,55
6295.jpg,1,81
6296.jpg,2,41
6297.jpg,0,47
6298.jpg,1,22
6299.jpg,2,13
6300.jpg,2,64
6301.jpg,1,11
6302.jpg,2,65
6303.jpg,0,39
6304.jpg,2,43
6305.jpg,1,16
6306.jpg,1,12
6307.jpg,1,36
6308.jpg,0,59
6309.jpg,2,65
6310.jpg,0,26
6311.jpg,2,64
6312.jpg,2,23
6313.jpg,2,61
6314.jpg,2,21
6315.jpg,1,76
6316.jpg,0,85
6317.jpg,1,12
6318.jpg,1,11
6319.jpg,0,59
6320.jpg,1,56
6321.jpg,1,2
6322.jpg,0,88
6323.jpg,2,42
6324.jpg,0,55
6325.jpg,1,58
6326.jpg,2,21
6327.jpg,1,56
6328.jpg,1,25
6329.jpg,0,85
6330.jpg,0,57
6331.jpg,0,75
6332.jpg,0,84
6333.jpg,0,54
6334.jpg,2,73
6335.jpg,2,7
6336.jpg,1,56
6337.jpg,0,79
6338.jpg,0,72
6339.jpg,2,18
6340.jpg,1,86
6341.jpg,1,3
6342.jpg,1,56
6343.jpg,2,24
6344.jpg,0,54
6345.jpg,2,78
6346.jpg,1,81
6347.jpg,1,12
6348.jpg,1,69
6349.jpg,0,55
6350.jpg,2,18
6351.jpg,1,81
6352.jpg,2,35
6353.jpg,1,83
6354.jpg,1,82
6355.jpg,2,24
6356.jpg,1,81
6357.jpg,2,46
6358.jpg,0,39
6359.jpg,2,27
6360.jpg,2,21
6361.jpg,0,47
6362.jpg,0,59
6363.jpg,0,72
6364.jpg,2,46
6365.jpg,1,16
6366.jpg,2,64
6367.jpg,1,76
6368.jpg,0,34
6369.jpg,2,27
6370.jpg,0,15
6371.jpg,2,46
6372.jpg,1,12
6373.jpg,2,68
6374.jpg,1,12
6375.jpg,1,11
6376.jpg,0,88
6377.jpg,1,58
6378.jpg,2,10
6379.jpg,0,67
6380.jpg,1,81
6381.jpg,1,25
6382.jpg,2,7
6383.jpg,0,19
6384.jpg,1,86
6385.jpg,0,75
6386.jpg,1,12
6387.jpg,2,20
6388.jpg,2,71
6389.jpg,0,34
6390.jpg,1,17
6391.jpg,1,2
6392.jpg,1,76
6393.jpg,1,2
6394.jpg,2,68
6395.jpg,2,73
6396.jpg,2,50
6397.jpg,0,66
6398.jpg,1,17
6399.jpg,2,78
6400.jpg,0,59
6401.jpg,2,7
6402.jpg,2,32
6403.jpg,0,31
6404.jpg,2,52
6405.jpg,2,24
6406.jpg,2,78
6407.jpg,2,48
6408.jpg,2,6
6409.jpg,2,20
6410.jpg,0,0
6411.jpg,2,13
6412.jpg,2,32
6413.jpg,1,53
6414.jpg,2,27
6415.jpg,2,43
6416.jpg,2,41
6417.jpg,1,58
6418.jpg,2,68
6419.jpg,1,83
6420.jpg,0,47
6421.jpg,0,31
6422.jpg,2,29
6423.jpg,1,11
6424.jpg,0,84
6425.jpg,0,40
6426.jpg,0,67
6427.jpg,0,55
6428.jpg,2,21
6429.jpg,1,4
6430.jpg,0,0
6431.jpg,2,24
6432.jpg,1,56
6433.jpg,1,81
6434.jpg,1,86
6435.jpg,1,83
6436.jpg,2,61
6437.jpg,2,20
6438.jpg,1,81
6439.jpg,0,55
6440.jpg,1,58
6441.jpg,0,59
6442.jpg,0,67
6443.jpg,0,79
6444.jpg,2,18
6445.jpg,1,86
6446.jpg,2,73
6447.jpg,2,71
6448.jpg,0,47
6449.jpg,1,76
6450.jpg,1,81
6451.jpg,2,21
6452.jpg,1,81
6453.jpg,2,78
6454.jpg,2,6
6455.jpg,1,36
6456.jpg,1,2
6457.jpg,1,30
6458.jpg,1,76
6459.jpg,1,76
6460.jpg,2,65
6461.jpg,1,44
6462.jpg,1,81
6463.jpg,0,63
6464.jpg,0,85
6465.jpg,0,84
6466.jpg,1,44
6467.jpg,0,55
6468.jpg,0,84
6469.jpg,0,49
6470.jpg,2,71
6471.jpg,0,15